Player,year,length,avg_salary,cap,poc,Pos,Age,Tm,G,FG,FGA,FG.,X3P,X3PA,X3P.,FT,FTA,FT.,ORB,DRB,TRB,AST,STL,BLK,TOV,PTS,TS.,X3PAr,FTr,USG.,OWS,DWS,OBPM,DBPM
Nerlens Noel,2017,1,4187599,99093000,0.042259281684881876,C,22,TOT,51,3.6,6.1,0.595,0,0,0,1.5,2.2,0.694,1.8,3.9,5.8,1,1.3,1,1,8.7,0.622,0.003,0.359,17.6,2.1,1.9,0.1,2.3
JaVale McGee,2017,1,1471382,99093000,0.014848495857426862,C,29,GSW,77,2.7,4.1,0.652,0,0,0,0.7,1.4,0.505,1.3,1.9,3.2,0.2,0.2,0.9,0.5,6.1,0.642,0.009,0.348,23.8,2,1.5,1,0.2
Tony Allen,2017,1,1471382,99093000,0.014848495857426862,SG,35,MEM,71,3.9,8.4,0.461,0.2,0.8,0.278,1.1,1.8,0.615,2.3,3.2,5.5,1.4,1.6,0.4,1.4,9.1,0.493,0.091,0.218,17.9,0.2,2.9,-2,1.1
Luc Mbah a Moute,2017,1,1471382,99093000,0.014848495857426862,SF,30,LAC,80,2.4,4.7,0.505,0.5,1.4,0.391,0.7,1.1,0.678,0.6,1.6,2.1,0.5,1,0.4,0.6,6.1,0.581,0.291,0.23,11.6,1.3,1.8,-1.6,1.3
David West,2017,1,1471382,99093000,0.014848495857426862,C,36,GSW,68,2,3.7,0.536,0,0.1,0.375,0.6,0.8,0.768,0.7,2.3,3,2.2,0.6,0.7,1.1,4.6,0.571,0.032,0.222,17.9,0.9,1.7,-0.7,3.5
Jason Terry,2017,1,1471382,99093000,0.014848495857426862,SG,39,MIL,74,1.4,3.3,0.432,1,2.3,0.427,0.3,0.4,0.828,0.2,1.2,1.4,1.3,0.6,0.3,0.5,4.1,0.6,0.704,0.119,9.8,1.2,0.9,-1.4,0.5
Raymond Felton,2017,1,1471382,99093000,0.014848495857426862,PG,32,LAC,80,2.8,6.4,0.43,0.6,1.8,0.319,0.6,0.8,0.781,0.4,2.3,2.7,2.4,0.8,0.3,1,6.7,0.496,0.28,0.125,16.5,0.2,1.8,-2,0.7
Luke Babbitt,2017,1,1974159,99093000,0.019922285126093668,SF,27,MIA,68,1.7,4.1,0.402,1.3,3.1,0.414,0.2,0.2,0.733,0.2,1.9,2.1,0.5,0.3,0.2,0.4,4.8,0.563,0.747,0.053,13,0.8,1,-2,-0.1
Jeff Withey,2017,1,1577320,99093000,0.015917572381500208,C,26,UTA,51,1.1,2,0.534,0,0,0,0.7,0.9,0.75,1,1.4,2.4,0.1,0.3,0.6,0.3,2.9,0.588,0.01,0.466,14.9,1,0.9,-0.4,1.9
Tyler Zeller,2017,2,1709538,99093000,0.01725185431867034,C,27,BOS,51,1.5,3.1,0.494,0,0,0,0.4,0.8,0.564,0.8,1.6,2.4,0.8,0.1,0.4,0.4,3.5,0.508,0.006,0.247,16.5,0.5,0.6,-2.2,-0.2
Andrew Bogut,2017,1,1105123,99093000,0.011152382105698687,C,32,TOT,27,1.4,3,0.469,0,0,0,0.1,0.4,0.273,2.1,6,8.1,1.8,0.5,0.9,1.6,2.9,0.46,0.012,0.136,10.4,-0.3,1,-5.2,2.6
Omri Casspi,2017,1,1471382,99093000,0.014848495857426862,PF,28,TOT,36,2.1,4.6,0.47,0.4,1.2,0.349,0.5,0.8,0.586,0.8,2.4,3.1,1,0.6,0.1,0.8,5.2,0.526,0.262,0.177,14.4,0.1,0.4,-2.6,-0.5
K.J. McDaniels,2017,1,100000,99093000,0.0010091530178721,SF,23,TOT,49,1.6,3.4,0.456,0.4,1.3,0.303,0.7,0.8,0.842,0.3,1.4,1.7,0.3,0.4,0.4,0.6,4.2,0.555,0.391,0.225,18.1,0,0.5,-2.5,0.1
Nick Collison,2017,1,2328652,99093000,0.02349966193373901,PF,36,OKC,20,0.7,1.2,0.609,0,0.1,0,0.3,0.4,0.625,0.5,1.1,1.6,0.6,0.1,0.1,0.2,1.7,0.622,0.043,0.348,10.1,0.3,0.1,-1.3,1.1
Tyler Ennis,2017,2,1524305,99093000,0.015382569909075314,PG,22,TOT,53,1.7,3.9,0.433,0.5,1.3,0.386,0.4,0.5,0.84,0.2,0.7,0.8,1.6,0.5,0,0.8,4.3,0.521,0.337,0.12,19.1,0.1,0.3,-2.4,-0.8
Udonis Haslem,2017,1,1471382,99093000,0.014848495857426862,C,36,MIA,16,0.7,1.4,0.478,0,0.2,0,0.6,0.9,0.6,0.5,1.8,2.3,0.4,0.4,0.1,0.5,1.9,0.524,0.13,0.652,12.8,0,0.2,-6.1,0.9
Bobby Brown,2017,1,1230186,99093000,0.012414459144440072,PG,32,HOU,25,0.9,2.4,0.383,0.6,1.4,0.4,0.1,0.1,1,0,0.2,0.2,0.6,0,0,0.2,2.5,0.509,0.583,0.033,22.7,0.1,0,-0.1,-3.5
Wayne Selden,2017,2,1312611,99093000,0.01324625351942115,SG,22,TOT,14,1.8,4.1,0.431,0.5,2,0.25,1,1.6,0.636,0.1,1.1,1.1,0.9,0.4,0.1,0.9,5.1,0.525,0.483,0.379,15.3,-0.1,0.2,-4.6,-1
Mike Scott,2017,1,1471382,99093000,0.014848495857426862,PF,28,ATL,18,0.9,3.3,0.288,0.2,1.5,0.148,0.4,0.4,0.875,0.6,1.5,2.1,0.9,0.2,0.2,0.4,2.5,0.36,0.458,0.136,15.8,-0.3,0.2,-4.7,-0.7
Mario Chalmers,2017,1,2106407,99093000,0.021256869809169163,NA,NA,NA,NA,NA,NA,NA,NA,NA,NA,NA,NA,NA,NA,NA,NA,NA,NA,NA,NA,NA,NA,NA,NA,NA,NA,NA,NA,NA
Shane Larkin,2017,1,1471382,99093000,0.014848495857426862,NA,NA,NA,NA,NA,NA,NA,NA,NA,NA,NA,NA,NA,NA,NA,NA,NA,NA,NA,NA,NA,NA,NA,NA,NA,NA,NA,NA,NA
Darius Miller,2017,2,2100000,99093000,0.021192213375314097,NA,NA,NA,NA,NA,NA,NA,NA,NA,NA,NA,NA,NA,NA,NA,NA,NA,NA,NA,NA,NA,NA,NA,NA,NA,NA,NA,NA,NA
Damien Wilkins,2017,1,1016617,99093000,0.010259221135700807,NA,NA,NA,NA,NA,NA,NA,NA,NA,NA,NA,NA,NA,NA,NA,NA,NA,NA,NA,NA,NA,NA,NA,NA,NA,NA,NA,NA,NA
Amir Johnson,2018,1,2393887,101869000,0.023499661329747026,C,30,PHI,74,1.9,3.5,0.538,0.1,0.4,0.313,0.7,1.1,0.612,1.7,2.8,4.5,1.6,0.6,0.6,0.7,4.6,0.575,0.123,0.327,12.8,2.1,2,-1.2,2.2
Jeff Green,2018,1,2393887,101869000,0.023499661329747026,PF,31,CLE,78,3.8,7.9,0.477,0.7,2.2,0.312,2.6,3,0.868,0.8,2.4,3.2,1.3,0.5,0.4,1,10.8,0.587,0.275,0.379,19.3,3.1,0.8,-0.3,-1.5
Jonas Jerebko,2018,1,2165481,101869000,0.021257507190607546,PF,30,UTA,74,2.1,4.6,0.466,0.9,2.1,0.414,0.6,0.8,0.807,0.7,2.6,3.3,0.6,0.3,0.2,0.4,5.8,0.586,0.46,0.167,15.6,1.8,1.6,-0.4,0.4
Zaza Pachulia,2018,1,2393887,101869000,0.023499661329747026,C,33,GSW,69,2.2,3.8,0.564,0,0,0,1.1,1.3,0.806,1.3,3.4,4.7,1.6,0.6,0.2,1,5.4,0.612,0.004,0.352,17,1.8,1.4,-0.7,0.7
Kevon Looney,2018,1,1567007,101869000,0.015382569770980377,C,21,GSW,66,1.7,2.9,0.58,0,0.1,0.2,0.6,1.2,0.545,1.3,2,3.3,0.6,0.5,0.8,0.5,4,0.588,0.026,0.399,12.4,1.5,1.3,-1.2,1
JaVale McGee,2018,1,2393887,101869000,0.023499661329747026,C,30,GSW,65,2.1,3.4,0.621,0,0.1,0,0.6,0.8,0.731,0.9,1.7,2.6,0.5,0.3,0.9,0.4,4.8,0.641,0.027,0.237,19.2,1.7,1.1,0.3,1.2
Salah Mejri,2018,1,2098196,101869000,0.020597002032021517,C,31,DAL,61,1.4,2.2,0.642,0,0,0,0.6,1.1,0.576,1.4,2.6,4,0.6,0.4,1.1,0.6,3.5,0.644,0.022,0.482,12.8,1.3,1.3,-2,2.8
Devin Harris,2018,1,2393887,101869000,0.023499661329747026,PG,34,TOT,71,2.6,6.4,0.412,1.1,3.2,0.348,2,2.4,0.835,0.2,1.6,1.8,2.1,0.7,0.2,1.1,8.4,0.563,0.5,0.374,20.2,1.6,0.9,-1.5,-0.3
David Nwaba,2018,1,1512601,101869000,0.01484849169030814,SG,25,CHI,70,2.9,6,0.478,0.3,0.7,0.346,1.9,2.9,0.655,1.3,3.4,4.7,1.5,0.8,0.4,1.1,7.9,0.542,0.123,0.48,15.6,1.1,1.4,-2.7,0.2
Omri Casspi,2018,1,2176260,101869000,0.02136331955747087,SF,29,GSW,53,2.3,3.9,0.58,0.2,0.4,0.455,0.9,1.3,0.725,0.6,3.2,3.8,1,0.3,0.4,0.7,5.7,0.632,0.106,0.333,16.3,1.2,1,-0.9,0
Raymond Felton,2018,1,2393887,101869000,0.023499661329747026,PG,33,OKC,82,2.7,6.7,0.406,1,2.8,0.352,0.4,0.5,0.818,0.3,1.6,1.9,2.5,0.6,0.2,0.9,6.9,0.494,0.417,0.08,20.4,0.9,1.3,-0.3,-0.3
Gerald Green,2018,1,2393887,101869000,0.023499661329747026,SG,32,HOU,41,4.1,10.1,0.407,2.7,7.3,0.369,1.2,1.5,0.85,0.4,2.9,3.2,0.6,0.6,0.4,0.8,12.1,0.566,0.722,0.145,22.4,1,1,1,-0.8
Treveon Graham,2018,2,1512601,101869000,0.01484849169030814,SG,24,CHO,63,1.5,3.5,0.434,0.6,1.5,0.412,0.7,0.9,0.695,0.7,1.3,1.9,0.9,0.5,0,0.4,4.3,0.553,0.439,0.267,11.3,1.1,0.7,-2.8,0.1
Noah Vonleh,2018,1,1621415,101869000,0.015916667484710757,PF,22,TOT,54,1.9,4.3,0.444,0.4,1.2,0.303,0.7,1.1,0.621,1.3,4.5,5.8,0.6,0.4,0.3,0.6,4.9,0.509,0.282,0.248,14.5,0.5,1.2,-1.1,-0.2
Channing Frye,2018,1,2393887,101869000,0.023499661329747026,C,34,TOT,53,2,4,0.491,0.7,2.2,0.339,0.3,0.4,0.895,0.2,2.3,2.5,0.7,0.3,0.2,0.4,5,0.599,0.542,0.09,15.2,0.9,0.6,-0.5,0
Nerlens Noel,2018,2,1757429,101869000,0.017251852869862274,C,23,DAL,30,1.8,3.5,0.524,0,0,0,0.7,0.9,0.75,1.6,4,5.6,0.7,1,0.7,0.9,4.4,0.558,0.01,0.267,13.8,0.4,1,-2.2,2.7
Vince Carter,2018,1,2393887,101869000,0.023499661329747026,SF,41,SAC,58,2,4.9,0.403,1,2.8,0.345,0.5,0.6,0.757,0.3,2.2,2.6,1.2,0.7,0.4,0.6,5.4,0.523,0.583,0.131,14.7,0.3,0.9,-1.9,0.7
Ian Clark,2018,1,1757429,101869000,0.017251852869862274,SG,26,NOP,74,3,6.7,0.448,0.8,2.6,0.318,0.6,0.8,0.763,0.1,1.6,1.7,1.5,0.4,0.1,0.8,7.4,0.529,0.394,0.119,17.2,0.3,0.8,-2.7,-0.8
Dwyane Wade,2018,1,2393887,101869000,0.023499661329747026,SG,36,TOT,67,4.5,10.2,0.438,0.5,1.7,0.288,2,2.8,0.714,0.7,3,3.8,3.4,0.9,0.7,2.1,11.4,0.5,0.163,0.277,26.2,-0.4,1.6,-0.9,-0.1
Jahlil Okafor,2018,2,1567007,101869000,0.015382569770980377,C,22,TOT,28,2.8,4.9,0.558,0,0.1,0.25,0.8,1,0.724,0.8,2.3,3,0.4,0.1,0.6,0.8,6.3,0.584,0.029,0.21,21,0.3,0.3,-1.8,0
Isaiah Taylor,2018,1,950000,101869000,0.009325702618068303,PG,23,ATL,67,2.4,5.8,0.418,0.3,1.2,0.25,1.5,2.1,0.702,0.3,1.1,1.4,3.1,0.5,0.1,1.3,6.6,0.492,0.205,0.362,20.1,0.2,0.5,-3.1,-1.3
Lorenzo Brown,2018,1,800000,101869000,0.007853223257320676,PG,27,TOR,14,1,2.4,0.412,0.1,0.9,0.167,0.1,0.1,1,0.1,1,1.1,0.9,0.4,0,0.2,2.3,0.459,0.353,0.059,11.9,0,0.1,-3.9,1.5
Isaiah Thomas,2018,1,2029463,101869000,0.01992228253933974,PG,28,TOT,32,4.9,13.2,0.373,1.7,5.9,0.293,3.7,4.1,0.893,0.5,1.6,2.1,4.8,0.5,0.1,3,15.2,0.508,0.447,0.311,28.8,-0.1,0.3,-0.9,-3.9
Daniel Hamilton,2018,1,1349383,101869000,0.013246257448291433,SG,22,OKC,6,0.8,1.8,0.455,0.3,0.8,0.4,0,0,NA,0,0.8,0.8,1.3,0.2,0,0.3,2,0.545,0.455,0,19.9,0.1,0,1,1.3
Udonis Haslem,2018,1,2393887,101869000,0.023499661329747026,C,37,MIA,14,0.2,1.1,0.2,0.1,0.6,0.125,0.1,0.1,0.5,0.2,0.5,0.7,0.4,0,0.1,0.1,0.6,0.252,0.533,0.133,11.1,-0.1,0.1,-5.9,-1.8
Derrick Rose,2018,1,2176260,101869000,0.02136331955747087,PG,29,TOT,25,3.2,7.4,0.435,0.3,1.2,0.233,1.6,1.8,0.87,0.5,0.9,1.4,1.5,0.3,0.2,1.4,8.4,0.507,0.161,0.247,25.4,-0.2,0.1,-2.1,-3.3
Willie Cauley-Stein,2019,2,2177483,109140000,0.01995128275609309,C,25,SAC,81,5.1,9.1,0.556,0,0,0.5,1.7,3.1,0.551,2.2,6.1,8.4,2.4,1.2,0.6,1,11.9,0.566,0.003,0.343,17.5,3.8,2.9,0.2,1.1
Udonis Haslem,2019,1,2564753,109140000,0.023499660985889684,C,38,MIA,10,1.1,3.3,0.333,0,1.2,0,0.3,0.4,0.75,0.3,2.4,2.7,0.2,0,0,0.3,2.5,0.36,0.364,0.121,21.9,-0.2,0.1,-8.4,-2.4
Mario Hezonja,2019,2,1737145,109140000,0.015916666666666666,SF,23,NYK,58,3.3,8,0.412,0.7,2.6,0.276,1.5,2,0.763,0.5,3.6,4.1,1.5,1,0.1,1.5,8.8,0.497,0.328,0.246,21.3,-1.1,1.1,-3.5,-0.3
Shaquille Harrison,2020,1,1678854,109140000,0.015382572842221,SG,26,CHI,43,1.8,3.8,0.467,0.4,1,0.381,0.9,1.2,0.78,0.5,1.5,2,1.1,0.8,0.4,0.4,4.9,0.559,0.255,0.303,18.1,0.7,0.8,0.4,2.4
Stephen Curry,2017,5,40200000,99093000,0.4056795131845842,PG,28,GSW,79,8.5,18.3,0.468,4.1,10,0.411,4.1,4.6,0.898,0.8,3.7,4.5,6.6,1.8,0.2,3,25.3,0.624,0.547,0.251,30.1,8.7,3.9,6.7,0.3
Kevin Durant,2017,2,26500000,99093000,0.2674255497361065,PF,28,GSW,62,8.9,16.5,0.537,1.9,5,0.375,5.4,6.2,0.875,0.6,7.6,8.3,4.8,1.1,1.6,2.2,25.1,0.651,0.304,0.374,27.8,8,4,6.7,2.2
Gordon Hayward,2017,4,32000000,99093000,0.322928965719072,SF,26,UTA,73,7.5,15.8,0.471,2,5.1,0.398,5,5.9,0.844,0.7,4.7,5.4,3.5,1,0.3,1.9,21.9,0.595,0.324,0.371,27.6,7.1,3.3,4.6,0.5
Kyle Lowry,2017,3,33333333.333333336,99093000,0.3363843392907,PG,30,TOR,60,7.1,15.3,0.464,3.2,7.8,0.412,5,6.1,0.819,0.8,4,4.8,7,1.5,0.3,2.9,22.4,0.623,0.51,0.398,24.9,7.8,2.3,5.8,0.4
Otto Porter,2017,4,26500000,99093000,0.2674255497361065,SF,23,WAS,80,5.2,10,0.516,1.9,4.3,0.434,1.2,1.5,0.832,1.5,5,6.4,1.5,1.5,0.5,0.6,13.4,0.628,0.425,0.148,15.1,6.4,3,2.4,0.9
Jeff Teague,2017,3,19000000,99093000,0.19173907339569898,PG,28,IND,82,4.9,11.1,0.442,1.1,3.1,0.357,4.4,5.1,0.867,0.4,3.6,4,7.8,1.2,0.4,2.6,15.3,0.574,0.277,0.457,22.1,5.7,2.4,2.3,-0.1
Blake Griffin,2017,5,34600000,99093000,0.3491669441837466,PF,27,LAC,61,7.9,15.9,0.493,0.6,1.9,0.336,5.2,6.9,0.76,1.8,6.3,8.1,4.9,0.9,0.4,2.3,21.6,0.569,0.116,0.434,28,5.4,2.4,4.2,0.5
Andre Iguodala,2017,3,16000000,99093000,0.161464482859536,SF,33,GSW,76,2.9,5.5,0.528,0.8,2.3,0.362,0.9,1.3,0.706,0.7,3.3,4,3.4,1,0.5,0.8,7.6,0.624,0.427,0.246,11.2,4.1,2.9,0.8,1.7
Danilo Gallinari,2017,3,21666666.666666668,99093000,0.21864982053895501,SF,28,DEN,63,5.3,11.9,0.447,2,5.1,0.389,5.5,6.1,0.902,0.6,4.5,5.2,2.1,0.6,0.2,1.3,18.2,0.622,0.432,0.516,20,6.2,0.7,2.8,-1.4
Pau Gasol,2017,3,16000000,99093000,0.161464482859536,C,36,SAS,64,4.7,9.4,0.502,0.9,1.6,0.538,2,2.9,0.707,1.7,6.2,7.8,2.3,0.4,1.1,1.3,12.4,0.578,0.172,0.305,21.3,3.3,3.1,2.6,1.5
Paul Millsap,2017,3,30000000,99093000,0.30274590536163,PF,31,ATL,69,6.2,14.1,0.442,1.1,3.5,0.311,4.5,5.9,0.768,1.6,6.1,7.7,3.7,1.3,0.9,2.3,18.1,0.542,0.248,0.417,24.4,2.6,3.8,0.8,1.3
Mason Plumlee,2017,3,13666666.666666666,99093000,0.13791757910918698,C,26,TOT,81,4.1,7.7,0.536,0,0.1,0,2.1,3.7,0.58,2.1,5.4,7.5,3.5,0.9,1.1,1.7,10.4,0.558,0.01,0.482,18.1,3.6,2.4,0.6,1.4
George Hill,2017,3,19000000,99093000,0.19173907339569898,PG,30,UTA,49,5.9,12.4,0.477,1.9,4.8,0.403,3.2,4,0.801,0.5,2.9,3.4,4.2,1,0.2,1.7,16.9,0.599,0.384,0.323,23.5,4,1.9,3,0.8
JaMychal Green,2017,2,13500000,99093000,0.1362356574127335,PF,26,MEM,77,3.2,6.5,0.5,0.7,1.9,0.379,1.7,2.2,0.802,2.2,4.9,7.1,1.1,0.6,0.4,1.2,8.9,0.601,0.29,0.334,14.4,3.2,2.6,-0.9,0.2
Dewayne Dedmon,2017,2,7000000,99093000,0.070640711251047,C,27,SAS,76,2.1,3.4,0.622,0,0,NA,0.9,1.2,0.699,1.7,4.8,6.5,0.6,0.5,0.8,0.8,5.1,0.645,0,0.359,12.3,2.3,3,-1.4,2
Serge Ibaka,2017,3,21666666.666666668,99093000,0.21864982053895501,PF,27,TOT,79,6,12.4,0.48,1.6,4,0.391,1.4,1.6,0.856,1.6,5.2,6.8,0.9,0.5,1.6,1.3,14.8,0.566,0.323,0.127,20.9,2.5,2.6,0.4,-0.3
James Johnson,2017,4,15000000,99093000,0.151372952680815,PF,29,MIA,76,4.8,10.1,0.479,1.1,3.4,0.34,2,2.8,0.707,0.9,4.1,4.9,3.6,1,1.1,2.3,12.8,0.564,0.333,0.28,22,1.9,3.2,1.1,1.7
Patty Mills,2017,4,12500000,99093000,0.1261441272340125,PG,28,SAS,80,3.4,7.8,0.44,1.8,4.4,0.414,0.8,1,0.825,0.3,1.5,1.8,3.5,0.8,0,1.3,9.5,0.578,0.572,0.129,19.5,2.9,2.2,1.4,0.2
Joe Ingles,2017,4,13000000,99093000,0.131189892323373,SF,29,UTA,82,2.5,5.5,0.452,1.5,3.4,0.441,0.6,0.8,0.735,0.3,2.9,3.2,2.7,1.2,0.1,1.3,7.1,0.604,0.619,0.151,13.9,2,3,-0.7,2.3
Amir Johnson,2017,1,11000000,99093000,0.11100683196593099,PF,29,BOS,80,2.7,4.6,0.576,0.3,0.8,0.409,0.8,1.3,0.67,1.5,3.1,4.6,1.8,0.6,0.8,1,6.5,0.628,0.178,0.27,13.6,2.9,2.1,-0.7,1.3
Tim Hardaway,2017,4,17750000,99093000,0.17912466067229774,NA,NA,NA,NA,NA,NA,NA,NA,NA,NA,NA,NA,NA,NA,NA,NA,NA,NA,NA,NA,NA,NA,NA,NA,NA,NA,NA,NA,NA
J.J. Redick,2017,1,23000000,99093000,0.23210519411058297,SG,32,LAC,78,5.1,11.4,0.445,2.6,6,0.429,2.3,2.6,0.891,0.1,2.1,2.2,1.4,0.7,0.2,1.3,15,0.599,0.526,0.227,22,3.3,1.5,1.6,-1.2
Zaza Pachulia,2017,1,3500000,99093000,0.0353203556255235,C,32,GSW,70,2.3,4.4,0.534,0,0,0,1.4,1.8,0.778,2,3.9,5.9,1.9,0.8,0.5,1.2,6.1,0.588,0.007,0.41,15.3,2.3,2.5,-1.1,1.6
Kentavious Caldwell-Pope,2017,1,18000000,99093000,0.18164754321697799,SG,23,DET,76,4.9,12.2,0.399,2,5.8,0.35,2,2.4,0.832,0.7,2.5,3.3,2.5,1.2,0.2,1.1,13.8,0.519,0.471,0.199,19.2,2,2.5,-0.6,0.4
Andre Roberson,2017,3,10000000,99093000,0.10091530178720999,SF,25,OKC,79,2.7,5.9,0.464,0.6,2.3,0.245,0.6,1.4,0.423,1.2,3.9,5.1,1,1.2,1,0.6,6.6,0.51,0.397,0.24,10.1,1.1,3.1,-2.5,1.4
Nenê Hilário,2017,3,3666666.6666666665,99093000,0.037002277321976994,NA,NA,NA,NA,NA,NA,NA,NA,NA,NA,NA,NA,NA,NA,NA,NA,NA,NA,NA,NA,NA,NA,NA,NA,NA,NA,NA,NA,NA
Ersan İlyasova,2017,1,6000000,99093000,0.060549181072326,PF,29,TOT,82,4.7,10.9,0.431,1.7,4.9,0.353,2,2.5,0.778,1.4,4.5,5.9,1.7,0.7,0.3,1.4,13.1,0.546,0.452,0.233,22.2,1.8,2.3,0.4,-0.3
Kelly Olynyk,2017,4,12500000,99093000,0.1261441272340125,C,25,BOS,75,3.5,6.8,0.512,0.9,2.6,0.354,1.2,1.6,0.732,1,3.8,4.8,2,0.6,0.4,1.3,9,0.603,0.378,0.242,19,2.2,1.9,-0.3,0.6
Vince Carter,2017,1,8000000,99093000,0.080732241429768,SF,40,MEM,73,2.6,6.7,0.394,1.5,4.1,0.378,1.2,1.6,0.765,0.5,2.6,3.1,1.8,0.8,0.5,0.7,8,0.542,0.604,0.235,14.9,1.9,2.1,-0.3,1.1
Taj Gibson,2017,2,14000000,99093000,0.141281422502094,PF,31,TOT,78,4.7,9.1,0.515,0,0.2,0.231,1.4,2,0.715,2,4.2,6.2,0.9,0.5,0.8,1.3,10.8,0.543,0.018,0.223,19.3,1.6,2.5,-1.1,-0.4
C.J. Miles,2017,3,8333333.333333334,99093000,0.084096084822675,SF,29,IND,76,3.7,8.5,0.434,2.2,5.4,0.413,1.1,1.2,0.903,0.4,2.6,3,0.6,0.6,0.3,0.5,10.7,0.592,0.632,0.144,18.4,2.7,1.4,1.2,-0.7
Darren Collison,2017,2,10000000,99093000,0.10091530178720999,PG,29,SAC,68,5,10.5,0.476,1.1,2.6,0.417,2.2,2.5,0.86,0.3,1.9,2.2,4.6,1,0.1,1.7,13.2,0.57,0.245,0.239,19.8,3.1,0.8,0.3,-1.2
Jrue Holiday,2017,5,25200000,99093000,0.2543065605037692,PG,26,NOP,67,6,13.3,0.454,1.5,4.2,0.356,1.8,2.5,0.708,0.7,3.3,3.9,7.3,1.5,0.7,2.9,15.4,0.532,0.315,0.188,23.5,1.3,2.6,1,0.2
Nikola Mirotić,2017,2,13500000,99093000,0.1362356574127335,PF,25,CHI,70,3.7,8.9,0.413,1.8,5.4,0.342,1.4,1.8,0.773,0.9,4.6,5.5,1.1,0.8,0.8,1.1,10.6,0.546,0.603,0.205,19.8,1.2,2.5,0.2,0.5
Kyle Korver,2017,3,7333333.333333333,99093000,0.07400455464395399,SG,35,TOT,67,3.6,7.7,0.464,2.4,5.4,0.451,0.6,0.6,0.905,0.1,2.7,2.8,1.6,0.5,0.3,1,10.1,0.635,0.697,0.082,15.2,2.3,1.3,0.5,-0.5
Willie Reed,2017,1,1500000,99093000,0.0151372952680815,C,26,MIA,71,2.3,4,0.568,0,0.1,0.25,0.7,1.2,0.557,1.8,2.9,4.7,0.4,0.3,0.7,0.4,5.3,0.578,0.014,0.309,15.3,2.1,1.5,-0.9,0
P.J. Tucker,2017,4,8000000,99093000,0.080732241429768,SF,31,TOT,81,2.5,6,0.413,0.9,2.4,0.357,0.9,1.1,0.774,1.4,4.4,5.8,1.2,1.4,0.2,0.8,6.7,0.516,0.407,0.193,11.2,1.4,2.2,-1.5,1.2
Cristiano Felício,2017,4,8000000,99093000,0.080732241429768,C,24,CHI,66,1.9,3.3,0.579,0,0,NA,0.9,1.4,0.645,1.9,2.8,4.7,0.6,0.4,0.3,0.5,4.8,0.603,0,0.421,12.4,2.1,1.3,-0.6,-0.1
Mike Muscala,2017,2,5000000,99093000,0.050457650893604995,C,25,ATL,70,2.4,4.8,0.504,0.7,1.6,0.418,0.7,0.9,0.766,1.1,2.3,3.4,1.4,0.4,0.6,0.8,6.2,0.596,0.326,0.19,14.8,1.8,1.6,-0.1,1.2
Tony Snell,2017,4,11500000,99093000,0.11605259705529149,SG,25,MIL,80,3.1,6.8,0.455,1.8,4.4,0.406,0.6,0.7,0.81,0.3,2.8,3.1,1.2,0.7,0.2,0.7,8.5,0.603,0.656,0.107,12.1,2.1,1.3,-1,-0.7
Patrick Patterson,2017,3,5466666.666666666,99093000,0.05516703164367479,PF,27,TOR,65,2.4,5.9,0.401,1.4,3.9,0.372,0.7,0.9,0.717,1,3.6,4.5,1.2,0.6,0.4,0.6,6.8,0.542,0.659,0.156,12.5,1.7,1.6,0,0.1
Thabo Sefolosha,2017,2,5250000,99093000,0.052980533438285245,SF,32,ATL,62,2.8,6.4,0.441,0.7,1.9,0.342,0.9,1.2,0.733,0.9,3.5,4.4,1.7,1.5,0.5,0.9,7.2,0.519,0.304,0.19,13.3,0.6,2.7,-2.1,2.5
Zach Randolph,2017,2,12000000,99093000,0.121098362144652,PF,35,MEM,73,5.9,13.2,0.449,0.3,1.3,0.223,1.9,2.6,0.731,2.5,5.7,8.2,1.7,0.5,0.1,1.4,14.1,0.49,0.098,0.2,29.2,0.8,2.4,1,-1.6
Nick Young,2017,1,5200000,99093000,0.0524759569293492,SG,31,LAL,60,4.5,10.6,0.43,2.8,7,0.404,1.3,1.5,0.856,0.4,1.9,2.3,1,0.6,0.2,0.6,13.2,0.588,0.665,0.142,19.5,3,0.2,1.7,-1.8
Aron Baynes,2017,1,4300000,99093000,0.0433935797685003,C,30,DET,75,1.9,3.7,0.513,0,0,NA,1.1,1.3,0.84,1.5,3,4.4,0.4,0.2,0.5,0.7,4.9,0.57,0,0.337,14.1,1.4,1.5,-3.2,0.5
Dante Cunningham,2017,1,2300000,99093000,0.023210519411058297,PF,29,NOP,66,2.6,5.4,0.485,1.1,2.7,0.392,0.2,0.4,0.593,0.8,3.3,4.2,0.6,0.6,0.4,0.4,6.6,0.586,0.504,0.075,10.7,1.4,1.6,-1.9,0.3
Manu Ginóbili,2017,2,2500000,99093000,0.025228825446802498,SG,39,SAS,69,2.5,6.4,0.39,1.3,3.3,0.392,1.2,1.6,0.804,0.4,1.9,2.3,2.7,1.2,0.2,1.4,7.5,0.532,0.517,0.244,20.4,0.6,2.4,-0.7,2.1
Bojan Bogdanović,2017,2,10500000,99093000,0.10596106687657049,SF,27,TOT,81,4.6,10.4,0.445,1.8,4.8,0.367,2.7,3,0.893,0.5,3,3.4,1.4,0.4,0.1,1.6,13.7,0.585,0.464,0.288,22.4,2,0.9,-0.1,-2.1
Shaun Livingston,2017,3,8000000,99093000,0.080732241429768,PG,31,GSW,76,2.3,4.2,0.547,0,0,0.333,0.6,0.8,0.7,0.4,1.6,2,1.8,0.5,0.3,0.8,5.1,0.568,0.009,0.19,13,1.1,1.6,-3,0.5
Justin Holiday,2017,2,4500000,99093000,0.045411885804244496,SG,27,NYK,82,2.8,6.6,0.433,1.2,3.3,0.355,0.8,1,0.825,0.3,2.4,2.7,1.2,0.8,0.4,0.8,7.7,0.549,0.507,0.149,16.9,1.3,1.2,-0.5,0.2
Dirk Nowitzki,2017,2,5000000,99093000,0.050457650893604995,PF,38,DAL,54,5.5,12.6,0.437,1.5,3.9,0.378,1.8,2.1,0.875,0.4,6.1,6.5,1.5,0.6,0.7,0.9,14.2,0.529,0.308,0.165,25.8,0.6,1.9,0.8,0.1
Ian Clark,2017,1,1600000,99093000,0.0161464482859536,SG,25,GSW,77,2.7,5.6,0.487,0.8,2.1,0.374,0.6,0.8,0.759,0.3,1.3,1.6,1.2,0.5,0.1,0.7,6.8,0.575,0.376,0.134,19.5,1,1.3,-1,-0.5
Rajon Rondo,2017,1,3300000,99093000,0.033302049589779295,PG,30,CHI,69,3.3,8.1,0.408,0.7,1.9,0.376,0.4,0.7,0.6,1.1,4.1,5.1,6.7,1.4,0.2,2.4,7.8,0.461,0.237,0.089,17.8,-0.4,2.7,-1.6,1
Anthony Tolliver,2017,1,3300000,99093000,0.033302049589779295,PF,31,SAC,65,2.4,5.4,0.442,1.4,3.5,0.391,0.9,1.3,0.744,0.8,2.9,3.6,1.2,0.5,0.3,0.9,7.1,0.595,0.655,0.234,13.6,1.5,0.8,-0.1,-0.8
Alan Williams,2017,3,5666666.666666667,99093000,0.057185337679419,C,24,PHO,47,2.9,5.7,0.517,0,0,0,1.5,2.4,0.625,2,4.2,6.2,0.5,0.6,0.7,0.8,7.4,0.547,0.004,0.419,20.9,1.1,0.9,-0.8,-0.6
Jonathon Simmons,2017,3,6666666.666666667,99093000,0.06727686785814,SG,27,SAS,78,2.3,5.4,0.42,0.4,1.3,0.294,1.3,1.7,0.75,0.3,1.8,2.1,1.6,0.6,0.3,1,6.2,0.504,0.242,0.314,18,-0.1,2.1,-3.7,1.1
Rudy Gay,2017,2,8500000,99093000,0.0857780065191285,SF,30,SAC,30,6.7,14.7,0.455,1.4,3.8,0.372,3.9,4.6,0.855,1.2,5.2,6.3,2.8,1.5,0.9,2.5,18.7,0.559,0.256,0.312,25.8,0.8,1,1.4,0.5
Dion Waiters,2017,4,13000000,99093000,0.131189892323373,SG,25,MIA,46,6.1,14.4,0.424,1.8,4.7,0.395,1.8,2.8,0.646,0.4,2.9,3.3,4.3,0.9,0.4,2.2,15.8,0.507,0.324,0.192,26.3,0.2,1.5,0.3,-0.4
Shelvin Mack,2017,2,6000000,99093000,0.060549181072326,PG,26,UTA,55,3.1,6.9,0.446,0.7,2.2,0.308,1,1.4,0.688,0.4,1.9,2.3,2.8,0.8,0.1,1.6,7.8,0.518,0.315,0.202,19.6,-0.1,1.5,-2.5,0.2
Langston Galloway,2017,3,7000000,99093000,0.070640711251047,PG,25,TOT,74,2.8,7.4,0.38,1.6,4.2,0.39,0.7,0.9,0.797,0.4,1.7,2.1,1.3,0.6,0.1,0.6,7.9,0.51,0.565,0.117,18.4,0.2,1.1,-1.5,-0.7
Jodie Meeks,2017,2,3500000,99093000,0.0353203556255235,SG,29,ORL,36,2.9,7.1,0.402,1.6,3.8,0.409,1.8,2.1,0.878,0.1,2,2.1,1.3,0.9,0.1,1,9.1,0.567,0.535,0.289,19.4,0.5,0.6,-1.3,-0.4
Reggie Bullock,2017,2,2500000,99093000,0.025228825446802498,SF,25,DET,31,1.7,4.1,0.422,0.9,2.4,0.384,0.2,0.2,0.714,0.4,1.6,2.1,0.9,0.6,0.1,0.3,4.5,0.538,0.57,0.055,13.4,0.4,0.5,-1,1.3
Tyreke Evans,2017,1,3300000,99093000,0.033302049589779295,SF,27,TOT,40,3.8,9.3,0.405,1.1,3,0.356,1.7,2.3,0.75,0.3,3.1,3.4,3.1,0.9,0.2,1.5,10.3,0.501,0.319,0.249,26.7,-0.2,0.9,-0.1,0.5
Jeff Green,2017,1,2300000,99093000,0.023210519411058297,PF,30,ORL,69,3.2,8.1,0.394,0.8,2.8,0.275,2.1,2.4,0.863,0.6,2.5,3.1,1.2,0.5,0.2,1.1,9.2,0.505,0.346,0.301,20.3,-0.2,0.9,-2.4,-1.2
Ben McLemore,2017,2,5300000,99093000,0.0534851099472213,SG,23,SAC,61,3,6.9,0.43,1.1,2.8,0.382,1.1,1.5,0.753,0.3,1.8,2.1,0.8,0.5,0.1,1,8.1,0.538,0.406,0.222,20.1,-0.1,0.5,-2.5,-1.7
Michael Carter-Williams,2017,1,2700000,99093000,0.027247131482546698,PG,25,CHI,45,2.5,6.8,0.366,0.3,1.4,0.234,1.3,1.7,0.753,0.5,2.9,3.4,2.5,0.8,0.5,1.5,6.6,0.437,0.209,0.252,20.9,-1,1.3,-4.5,1.3
Ron Baker,2017,2,4450000,99093000,0.04490730929530845,SG,23,NYK,52,1.6,4.2,0.378,0.4,1.7,0.267,0.5,0.8,0.651,0.2,1.7,1.9,2.1,0.7,0.2,1.1,4.1,0.456,0.396,0.198,14.8,-0.6,0.5,-4.5,-0.3
LeBron James,2018,4,38327500,101869000,0.3762430179936978,PF,33,CLE,82,10.5,19.3,0.542,1.8,5,0.367,4.7,6.5,0.731,1.2,7.5,8.6,9.1,1.4,0.9,4.2,27.5,0.621,0.257,0.336,31.6,11,3,7.3,1.4
Nikola Jokić,2018,5,29541999.999999996,101869000,0.28999990183470925,C,22,DEN,75,6.7,13.5,0.499,1.5,3.7,0.396,3.5,4.2,0.85,2.6,8.1,10.7,6.1,1.2,0.8,2.8,18.5,0.603,0.277,0.31,24.2,7.8,2.9,5.3,1.6
Kevin Durant,2018,2,30750000,101869000,0.3018582689532635,SF,29,GSW,68,9.3,18,0.516,2.5,6.1,0.419,5.3,5.9,0.889,0.5,6.4,6.8,5.4,0.7,1.8,3,26.4,0.64,0.338,0.331,30.4,7.5,2.9,6.7,0.6
Clint Capela,2018,5,17500000,101869000,0.1717892587538898,C,23,HOU,74,6,9.1,0.652,0,0,0,1.9,3.5,0.56,3.3,7.6,10.8,0.9,0.8,1.9,1.4,13.9,0.65,0.001,0.38,19.4,6.2,4.1,2.4,1
Chris Paul,2018,4,39932500,101869000,0.3919985471536974,PG,32,HOU,58,6.3,13.8,0.46,2.5,6.5,0.38,3.5,3.8,0.919,0.6,4.8,5.4,7.9,1.7,0.2,2.2,18.6,0.604,0.475,0.277,24.5,7.5,2.7,5.2,1.8
DeAndre Jordan,2018,1,22897000.000000004,101869000,0.22476906615358946,C,29,LAC,77,4.8,7.5,0.645,0,0,NA,2.4,4.1,0.58,4.3,10.9,15.2,1.5,0.5,0.9,1.8,12,0.648,0,0.54,15.2,6,3.4,1.7,-0.3
Paul George,2018,4,34227500,101869000,0.3359952487999293,SF,27,OKC,79,7.3,17,0.43,3.1,7.7,0.401,4.3,5.2,0.822,0.9,4.7,5.7,3.3,2,0.5,2.7,21.9,0.57,0.454,0.307,25.7,5,3.9,2.3,0.6
Derrick Favors,2018,2,16900000,101869000,0.16589934131089928,C,26,UTA,77,5.1,9.1,0.563,0.2,0.8,0.222,1.8,2.8,0.651,2.6,4.6,7.2,1.3,0.7,1.1,1.1,12.3,0.593,0.09,0.306,18.5,4.5,3.5,0.9,0.7
Dwight Howard,2018,2,5470499.999999999,101869000,0.053701322286465944,C,32,CHO,81,6.2,11.2,0.555,0,0.1,0.143,4.1,7.2,0.574,3.1,9.3,12.5,1.3,0.6,1.6,2.6,16.6,0.577,0.008,0.639,24.2,2.9,3.9,-0.3,0.1
Julius Randle,2018,2,8857000.000000002,101869000,0.08694499798761156,C,23,LAL,82,6.1,11,0.558,0.1,0.5,0.222,3.7,5.2,0.718,2.2,5.8,8,2.6,0.5,0.5,2.6,16.1,0.606,0.05,0.47,25.3,4,2.6,0.6,0
J.J. Redick,2018,1,12250000,101869000,0.12025248112772285,SG,33,PHI,70,5.8,12.6,0.46,2.8,6.6,0.42,2.8,3.1,0.904,0.1,2.4,2.5,3,0.5,0.1,1.5,17.1,0.614,0.523,0.248,21.7,4.8,1.8,2.2,-1.1
Kyle Anderson,2018,4,9289000,101869000,0.09118573854656471,SF,24,SAS,74,3.1,5.9,0.527,0.3,0.8,0.333,1.4,2,0.712,1.1,4.2,5.4,2.7,1.6,0.8,1.3,7.9,0.582,0.13,0.333,13.5,2.4,3.8,-0.4,3.3
Will Barton,2018,4,13250000,101869000,0.1300690101993737,SG,27,DEN,81,5.7,12.7,0.452,1.9,5.2,0.37,2.2,2.8,0.805,0.9,4.2,5,4.1,1,0.6,1.8,15.7,0.562,0.411,0.22,20.7,4.4,1.8,1.6,-0.4
Montrezl Harrell,2018,2,6000000,101869000,0.058899174429905075,C,24,LAC,76,4.6,7.2,0.635,0,0.1,0.143,1.8,2.9,0.626,1.4,2.7,4,1,0.5,0.7,0.9,11,0.647,0.013,0.405,23.8,4.3,1.3,3.1,0.2
Jerami Grant,2018,3,9115333.333333334,101869000,0.08948093466445468,PF,23,OKC,81,3,5.6,0.535,0.4,1.4,0.291,2,3,0.675,1.1,2.9,3.9,0.7,0.4,1,0.7,8.4,0.607,0.241,0.526,16,3.5,1.9,0,0.3
Trevor Ariza,2018,1,15000000,101869000,0.1472479360747627,SF,32,HOU,67,4,9.7,0.412,2.5,6.9,0.368,1.1,1.3,0.854,0.5,3.9,4.4,1.6,1.5,0.2,0.8,11.7,0.567,0.71,0.137,14.4,2.6,2.8,0,0.7
Kentavious Caldwell-Pope,2018,1,12000000,101869000,0.11779834885981015,SG,24,LAL,74,4.6,10.8,0.426,2.1,5.6,0.383,2.1,2.6,0.789,0.8,4.4,5.2,2.2,1.4,0.2,1.3,13.4,0.561,0.52,0.243,16.9,2.6,2.7,-0.4,0.6
Anthony Tolliver,2018,1,5750000,101869000,0.056445042161992365,PF,32,DET,79,2.8,6,0.464,2,4.6,0.436,1.3,1.7,0.797,0.6,2.4,3.1,1.1,0.4,0.3,0.7,8.9,0.663,0.773,0.282,14.8,3.8,1.5,1.2,-0.3
Ed Davis,2018,1,4449000.000000001,101869000,0.04367373783977462,C,28,POR,78,2.2,3.7,0.582,0,0,0,0.9,1.4,0.667,2.3,5,7.4,0.5,0.4,0.7,0.8,5.3,0.607,0.003,0.38,12.1,2.5,2.5,-1.2,0.6
Dirk Nowitzki,2018,1,5000000,101869000,0.049082645358254226,C,39,DAL,77,4.5,9.8,0.456,1.8,4.4,0.409,1.3,1.4,0.898,0.3,5.4,5.7,1.6,0.6,0.6,0.7,12,0.575,0.445,0.142,20.5,2.6,2.2,1.7,0.6
Kyle O'Quinn,2018,1,4449000.000000001,101869000,0.04367373783977462,C,27,NYK,77,2.9,5,0.583,0.1,0.2,0.235,1.3,1.6,0.772,1.6,4.5,6.1,2.1,0.5,1.3,1.3,7.1,0.625,0.044,0.331,17,2.7,2.1,0.4,2.6
DeMarcus Cousins,2018,1,5337000,101869000,0.05239081565540056,C,27,NOP,48,8.5,18,0.47,2.2,6.1,0.354,6.1,8.2,0.746,2.2,10.7,12.9,5.4,1.6,1.6,5,25.2,0.583,0.34,0.456,31.9,1.5,3.2,2.5,2.2
Jusuf Nurkić,2018,4,12000000,101869000,0.11779834885981015,C,23,POR,79,6.1,12,0.505,0,0.1,0,2.2,3.5,0.63,2.4,6.6,9,1.8,0.8,1.4,2.3,14.3,0.528,0.007,0.287,26.4,0.8,3.9,-1.1,1.1
Fred VanVleet,2018,2,9000000,101869000,0.08834876164485761,PG,23,TOR,76,3.1,7.2,0.426,1.4,3.4,0.414,1.1,1.3,0.832,0.3,2.1,2.4,3.2,0.9,0.3,1,8.6,0.556,0.479,0.185,19.1,2.7,2,1.4,1
Wayne Ellington,2018,1,6270000,101869000,0.0615496372792508,SG,30,MIA,77,3.7,9.1,0.407,2.9,7.5,0.392,0.9,1,0.859,0.3,2.5,2.8,1,0.7,0.1,0.7,11.2,0.588,0.827,0.111,17.3,2.6,1.9,1,-0.6
Alex Len,2018,2,4255000,101869000,0.041769331199874346,C,24,PHO,69,3.1,5.5,0.566,0,0,0.333,2.3,3.3,0.684,2.5,5,7.5,1.2,0.4,0.9,1.1,8.5,0.612,0.008,0.611,17,3.2,1.3,0.6,-0.3
Tyreke Evans,2018,1,12400000,101869000,0.1217249604884705,PG,28,MEM,52,7,15.6,0.452,2.2,5.5,0.399,3.2,4,0.785,0.8,4.3,5.1,5.2,1.1,0.3,2.3,19.4,0.561,0.354,0.258,28.4,3.1,1.2,4.9,-0.5
Joe Harris,2018,2,8000000,101869000,0.07853223257320677,SG,26,BRK,78,3.9,8,0.491,1.9,4.6,0.419,1.1,1.3,0.827,0.7,2.7,3.3,1.6,0.4,0.3,1.2,10.8,0.634,0.576,0.167,16.6,3,0.9,0.7,-0.6
Ersan İlyasova,2018,3,7000000,101869000,0.06871570350155592,PF,30,TOT,69,4,8.9,0.452,1.3,3.7,0.36,1.5,2,0.778,1.7,4.2,5.9,1.3,0.9,0.4,1,10.9,0.558,0.413,0.22,18.7,2.2,1.9,-0.2,-0.4
Brook Lopez,2018,1,3381999.9999999995,101869000,0.033199501320323156,C,29,LAL,74,5,10.7,0.465,1.5,4.4,0.345,1.5,2.1,0.703,1,3,4,1.7,0.4,1.3,1.3,13,0.557,0.41,0.199,23.5,1.9,1.9,0.7,0.2
Marco Belinelli,2018,2,6000000,101869000,0.058899174429905075,SG,31,TOT,80,4.2,9.6,0.441,1.9,4.9,0.377,1.9,2,0.908,0.3,1.6,1.9,1.9,0.8,0.2,1.2,12.1,0.581,0.517,0.213,20.7,2.4,1.3,0.4,-0.8
Rajon Rondo,2018,1,9000000,101869000,0.08834876164485761,PG,31,NOP,65,3.6,7.6,0.468,0.8,2.3,0.333,0.4,0.7,0.543,0.5,3.6,4,8.2,1.1,0.2,2.3,8.3,0.522,0.304,0.093,16.9,1.9,1.7,0,-0.4
Greg Monroe,2018,1,2165000,101869000,0.02125278544012408,C,27,TOT,51,4.3,7.6,0.565,0,0,NA,1.7,2.3,0.739,2.1,4.7,6.9,2.2,0.9,0.5,1.8,10.3,0.598,0,0.308,22.4,1.8,1.6,1.3,1
Shabazz Napier,2018,2,1894000.0000000002,101869000,0.018592506061706704,PG,26,POR,74,3,7.2,0.42,1.1,2.9,0.376,1.6,1.9,0.841,0.4,1.9,2.3,2,1.1,0.2,1.2,8.7,0.544,0.411,0.26,19.5,1.2,2,-0.7,1.4
Dāvis Bertāns,2018,2,7000000,101869000,0.06871570350155592,PF,25,SAS,77,2.1,4.8,0.44,1.2,3.3,0.373,0.5,0.6,0.816,0.2,1.8,2,1,0.3,0.4,0.5,5.9,0.588,0.689,0.134,17.4,1.6,1.4,1,0.6
James Ennis,2018,2,1733500,101869000,0.01701695314570674,SF,27,TOT,72,2.5,5.3,0.474,0.7,2.1,0.333,1.3,1.6,0.836,1,2.1,3.1,1,0.7,0.3,0.8,7.1,0.588,0.398,0.302,13.7,2,1.1,-1.1,-0.1
Rudy Gay,2018,1,10087000,101869000,0.09901932874574208,PF,31,SAS,57,4.4,9.4,0.471,0.6,2.1,0.314,2,2.5,0.772,1.3,3.8,5.1,1.3,0.8,0.7,1.4,11.5,0.545,0.22,0.27,24.6,1,2.1,0.2,0.6
Aron Baynes,2018,2,5323499.999999999,101869000,0.05225829251293327,C,31,BOS,81,2.6,5.5,0.471,0,0.3,0.143,0.7,1,0.756,1.6,3.8,5.4,1.1,0.3,0.6,1,6,0.502,0.047,0.175,16.8,0.5,2.5,-3.6,0.7
Yogi Ferrell,2018,2,3074999.9999999995,101869000,0.030185826895326347,SG,24,DAL,82,3.8,8.9,0.426,1.6,4.4,0.373,1,1.3,0.796,0.3,2.7,3,2.5,0.8,0.1,1,10.2,0.54,0.492,0.141,17,1.5,1.5,-1.3,0
Aaron Gordon,2018,4,19000000,101869000,0.18651405236136606,PF,22,ORL,58,6.5,14.9,0.434,2,5.9,0.336,2.7,3.9,0.698,1.5,6.4,7.9,2.3,1,0.8,1.8,17.6,0.53,0.395,0.26,24.7,0.9,2,0.9,-0.6
Nemanja Bjelica,2018,3,6824999.999999999,101869000,0.066997810914017,PF,29,MIN,67,2.6,5.5,0.461,1.1,2.7,0.415,0.5,0.7,0.8,0.8,3.3,4.1,1.3,0.7,0.2,0.8,6.8,0.581,0.493,0.121,14.3,1.7,1.1,-0.1,0.2
Luc Mbah a Moute,2018,1,4321000,101869000,0.042417222118603305,PF,31,HOU,61,2.7,5.7,0.481,1,2.8,0.364,1.1,1.6,0.684,0.4,2.7,3,0.9,1.2,0.4,1.1,7.5,0.595,0.501,0.275,12.8,0.8,2.1,-1.6,1.4
Elfrid Payton,2018,1,3000000,101869000,0.029449587214952538,PG,23,TOT,63,5.2,10.6,0.493,0.5,1.5,0.326,1.7,2.7,0.649,1,3.3,4.3,6.2,1.3,0.3,2.7,12.7,0.538,0.138,0.252,21.9,1.4,1.4,0.1,-0.3
Rodney Hood,2018,1,3469999.9999999995,101869000,0.03406335587862843,SG,25,TOT,60,5.4,12.5,0.429,2.1,5.6,0.381,1.9,2.2,0.86,0.4,2.4,2.8,1.6,0.8,0.2,1.2,14.7,0.546,0.443,0.172,24.3,1.2,1.5,0.8,-0.9
Pat Connaughton,2018,2,1682000,101869000,0.01651140189851672,SG,25,POR,82,2,4.8,0.423,0.9,2.6,0.352,0.5,0.5,0.841,0.4,1.5,2,1.1,0.3,0.3,0.5,5.4,0.539,0.538,0.113,13.4,1.2,1.3,-1.7,-0.1
Mike Scott,2018,1,4321000,101869000,0.042417222118603305,PF,29,WAS,76,3.6,6.9,0.527,0.9,2.1,0.405,0.7,1,0.658,0.7,2.6,3.3,1.1,0.3,0.1,1,8.8,0.599,0.311,0.145,20,1.4,1,-0.6,-1.1
Michael Beasley,2018,1,3500000,101869000,0.03435785175077796,PF,29,NYK,74,5.5,10.9,0.507,0.5,1.2,0.395,1.7,2.1,0.78,1.3,4.3,5.6,1.7,0.5,0.6,1.9,13.2,0.556,0.107,0.197,26.9,0.9,1.5,0.6,-0.8
Dante Cunningham,2018,1,2487000,101869000,0.024413707801195655,SF,30,TOT,73,2.2,5,0.451,0.8,2.3,0.345,0.4,0.7,0.596,1.1,3,4.1,0.7,0.5,0.4,0.5,5.7,0.539,0.462,0.143,11.6,1.1,1.3,-1.5,-0.2
Mario Hezonja,2018,1,6500000,101869000,0.0638074389657305,SF,22,ORL,75,3.6,8.2,0.442,1.2,3.6,0.337,1.1,1.4,0.819,0.5,3.2,3.7,1.4,1.1,0.4,1.1,9.6,0.544,0.433,0.17,19.9,0.5,1.8,-0.9,0.4
Doug McDermott,2018,3,7333333.333333333,101869000,0.07198787985877286,SF,26,TOT,81,2.9,6.3,0.467,1.1,2.7,0.426,0.8,1,0.79,0.5,2,2.5,1,0.2,0.2,0.7,7.8,0.579,0.425,0.159,15,1.7,0.6,-1,-1.3
Bryn Forbes,2018,2,3000000,101869000,0.029449587214952538,SG,24,SAS,80,2.6,6.2,0.421,1.1,2.9,0.39,0.6,0.9,0.667,0.2,1.2,1.4,1,0.4,0,0.5,6.9,0.525,0.459,0.145,16.7,0.8,1.3,-2.5,-0.6
Marcus Smart,2018,4,13000000,101869000,0.127614877931461,SG,23,BOS,54,3.5,9.5,0.367,1.4,4.6,0.301,1.8,2.5,0.729,0.8,2.7,3.5,4.8,1.3,0.4,2.4,10.2,0.479,0.483,0.258,19.4,-0.6,2.5,-2.1,1
Lance Stephenson,2018,1,4449000.000000001,101869000,0.04367373783977462,SG,27,IND,82,3.7,8.6,0.427,0.8,2.8,0.289,1,1.5,0.661,0.8,4.4,5.2,2.9,0.6,0.2,1.6,9.2,0.495,0.327,0.179,21.6,-0.2,2,-1.5,-0.3
Tony Parker,2018,2,5000000,101869000,0.049082645358254226,PG,35,SAS,55,3.2,7.1,0.459,0.2,0.7,0.27,1,1.4,0.705,0.1,1.6,1.7,3.5,0.5,0,1.2,7.7,0.498,0.095,0.201,20.5,0.4,1.1,-2.3,-0.9
Jabari Parker,2018,2,20000000,101869000,0.1963305814330169,PF,22,MIL,31,5.2,10.7,0.482,1,2.6,0.383,1.3,1.7,0.741,1.4,3.5,4.9,1.9,0.8,0.3,1.5,12.6,0.55,0.244,0.163,24.4,0.6,0.6,0.9,-1.7
Raul Neto,2018,2,2150000,101869000,0.021105537504049317,PG,25,UTA,41,1.7,3.7,0.457,0.5,1.1,0.404,0.6,0.9,0.743,0.2,1,1.2,1.8,0.3,0.1,0.9,4.5,0.55,0.311,0.232,18.3,0.3,0.6,-1.6,0.2
Dante Exum,2018,3,9600000,101869000,0.09423867908784812,PG,22,UTA,14,3,6.2,0.483,0.4,1.3,0.278,1.8,2.2,0.806,0.3,1.6,1.9,3.1,0.6,0.2,1.4,8.1,0.566,0.207,0.356,23.1,0.3,0.3,-0.3,0.4
Glenn Robinson,2018,2,4177000.0000000005,101869000,0.04100364193228559,NA,NA,NA,NA,NA,NA,NA,NA,NA,NA,NA,NA,NA,NA,NA,NA,NA,NA,NA,NA,NA,NA,NA,NA,NA,NA,NA,NA,NA
Luke Kornet,2018,1,1619000,101869000,0.01589296056700272,PF,22,NYK,20,2.5,6.3,0.392,1.4,4,0.354,0.4,0.6,0.727,0.6,2.7,3.2,1.3,0.3,0.8,0.6,6.7,0.516,0.632,0.088,19,0.2,0.3,0.4,-0.2
Troy Williams,2018,2,1579000,101869000,0.015500299404136685,SF,23,TOT,21,2.4,5.2,0.468,0.5,1.8,0.289,1,1.4,0.667,1,2,3,0.8,1,0.2,0.9,6.3,0.544,0.349,0.275,20.1,0.2,0.4,-1,0.5
Zach LaVine,2018,4,19500000,101869000,0.1914223168971915,SG,22,CHI,24,5.7,14.8,0.383,1.8,5.1,0.341,3.6,4.5,0.813,0.4,3.5,3.9,3,1,0.2,1.8,16.7,0.499,0.346,0.301,29.5,-0.1,0.5,-0.8,-1.5
Georges Niang,2018,3,1647333.3333333333,101869000,0.01617109555736616,PF,24,UTA,9,0.4,1.2,0.364,0,0.4,0,0.1,0.2,0.5,0.3,0.7,1,0.3,0.2,0,0.3,1,0.379,0.364,0.182,20.9,-0.1,0.1,-4.9,0.9
Avery Bradley,2018,2,12479999.999999998,101869000,0.12251028281420254,SG,27,TOT,46,5.6,13.6,0.414,1.6,4.4,0.369,1.4,1.8,0.768,0.5,2,2.5,2,1.1,0.2,2.2,14.3,0.496,0.325,0.131,23.5,-1.4,1.2,-3,-1
Seth Curry,2018,1,2795000,101869000,0.027437198755264115,NA,NA,NA,NA,NA,NA,NA,NA,NA,NA,NA,NA,NA,NA,NA,NA,NA,NA,NA,NA,NA,NA,NA,NA,NA,NA,NA,NA,NA
Kevin Durant,2019,4,41062500,109140000,0.376236943375481,SF,30,GSW,78,9.2,17.7,0.521,1.8,5,0.353,5.7,6.5,0.885,0.4,5.9,6.4,5.9,0.7,1.1,2.9,26,0.631,0.281,0.366,29,8.6,2.9,5.4,0.1
Nikola Vučević,2019,4,25000000,109140000,0.22906358805204324,C,28,ORL,80,8.8,16.9,0.518,1.1,2.9,0.364,2.2,2.8,0.789,2.8,9.2,12,3.8,1,1.1,2,20.8,0.573,0.171,0.168,28,5.4,4.7,5,1.7
Kawhi Leonard,2019,3,34376666.666666664,109140000,0.31497770447742957,SF,27,TOR,60,9.3,18.8,0.496,1.9,5,0.371,6.1,7.1,0.854,1.3,6,7.3,3.3,1.8,0.4,2,26.6,0.606,0.267,0.377,30.3,6.1,3.4,6.1,1.1
Kyrie Irving,2019,4,34122500,109140000,0.31264889133223384,PG,26,BOS,67,9,18.5,0.487,2.6,6.5,0.401,3.2,3.7,0.873,1.1,3.9,5,6.9,1.5,0.5,2.6,23.8,0.592,0.35,0.197,29.6,6.2,2.9,6,1.1
Jimmy Butler,2019,4,35197500,109140000,0.3224986256184717,SF-SG,29,TOT,65,6.4,13.9,0.462,1,3,0.347,4.8,5.6,0.855,1.9,3.4,5.3,4,1.9,0.6,1.5,18.7,0.571,0.213,0.404,22.3,5.4,2.5,2.8,0.9
Al Horford,2019,4,27250000,109140000,0.24967931097672713,C,32,BOS,68,5.7,10.6,0.535,1.1,3,0.36,1.1,1.4,0.821,1.8,5,6.7,4.2,0.9,1.3,1.5,13.6,0.605,0.281,0.131,18.9,4.5,2.9,3.3,1.9
Kemba Walker,2019,4,35197500,109140000,0.3224986256184717,PG,28,CHO,82,8.9,20.5,0.434,3.2,8.9,0.356,4.6,5.5,0.844,0.6,3.8,4.4,5.9,1.2,0.4,2.6,25.6,0.558,0.434,0.267,31.5,5.5,1.9,5.2,-1
Tobias Harris,2019,5,36000000,109140000,0.32985156679494226,PF,26,TOT,82,7.5,15.3,0.487,1.9,4.8,0.397,3.2,3.7,0.866,0.8,7,7.9,2.8,0.6,0.5,1.8,20,0.592,0.313,0.245,22.8,4.5,2.6,2.1,-0.5
DeAndre Jordan,2019,4,9990000,109140000,0.09153380978559648,C,30,TOT,69,4.1,6.5,0.641,0,0,NA,2.7,3.8,0.705,3.3,9.8,13.1,2.3,0.6,1.1,2.2,11,0.674,0,0.592,15,4,3.1,0.8,1.3
Thaddeus Young,2019,3,14543333.333333334,109140000,0.13325392462280863,PF,30,IND,81,5.5,10.4,0.527,0.6,1.8,0.349,1.1,1.7,0.644,2.4,4.1,6.5,2.5,1.5,0.4,1.5,12.6,0.569,0.174,0.161,18,3,3.9,0.4,1.1
Bojan Bogdanović,2019,4,18275000,109140000,0.1674454828660436,SF,29,IND,81,6.4,13,0.497,2,4.8,0.425,3,3.8,0.807,0.4,3.7,4.1,2,0.9,0,1.7,18,0.613,0.367,0.29,22.4,3.9,2.8,1.3,-0.6
Brook Lopez,2019,4,13000000,109140000,0.11911306578706249,C,30,MIL,81,4.4,9.7,0.452,2.3,6.3,0.365,1.4,1.6,0.842,0.4,4.5,4.9,1.2,0.6,2.2,1,12.5,0.597,0.651,0.169,16.7,2.3,4.3,0.4,1.8
Malcolm Brogdon,2019,4,21250000,109140000,0.19470404984423675,SG,26,MIL,64,5.9,11.7,0.505,1.6,3.8,0.426,2.2,2.4,0.928,1,3.5,4.5,3.2,0.7,0.2,1.4,15.6,0.614,0.326,0.203,20.7,4.2,2.3,2,0.1
Khris Middleton,2019,5,35500000,109140000,0.3252702950339014,SF,27,MIL,77,6.6,14.9,0.441,2.3,6.2,0.378,2.8,3.4,0.837,0.6,5.3,6,4.3,1,0.1,2.3,18.3,0.558,0.413,0.225,25.1,2.5,3.6,0.7,0.1
Julius Randle,2019,3,20700000,109140000,0.1896646509070918,PF,24,NOP,73,7.8,14.9,0.524,0.9,2.7,0.344,4.9,6.7,0.731,2.2,6.5,8.7,3.1,0.7,0.6,2.8,21.4,0.6,0.179,0.447,27.8,4.2,1.9,2.1,-0.6
Kevon Looney,2019,3,5000000,109140000,0.04581271761040865,C,22,GSW,80,2.7,4.3,0.625,0,0.1,0.1,0.8,1.3,0.619,2.4,2.8,5.2,1.5,0.6,0.7,0.6,6.3,0.636,0.029,0.303,12.8,4.2,1.8,0.1,0.4
Danny Green,2019,2,15000000,109140000,0.13743815283122596,SG,31,TOR,80,3.7,7.9,0.465,2.5,5.4,0.455,0.5,0.6,0.841,0.8,3.2,4,1.6,0.9,0.7,0.9,10.3,0.632,0.69,0.07,14.1,3,2.9,1.1,0.8
JaVale McGee,2019,2,4099999.9999999995,109140000,0.037566428440535087,C,31,LAL,75,5.3,8.5,0.624,0,0.2,0.083,1.3,2,0.632,2.6,4.9,7.5,0.7,0.6,2,1.4,12,0.634,0.019,0.237,20.2,3,2.9,0.3,1.2
J.J. Redick,2019,2,13250000,109140000,0.12140370166758292,SG,34,PHI,76,5.9,13.5,0.44,3.2,8,0.397,3,3.4,0.894,0.3,2.2,2.4,2.7,0.4,0.2,1.3,18.1,0.602,0.589,0.248,21.9,4.6,1.2,2.2,-2
Al-Farouq Aminu,2019,3,9720000,109140000,0.08905992303463442,PF,28,POR,81,3.2,7.3,0.433,1.2,3.5,0.343,1.9,2.1,0.867,1.4,6.1,7.5,1.3,0.8,0.4,0.9,9.4,0.568,0.472,0.292,13.7,3,2.8,0.1,0.6
Ed Davis,2019,2,4885000,109140000,0.04475902510536925,C,29,BRK,81,2.3,3.7,0.616,0,0,0,1.2,2,0.617,2.7,5.9,8.6,0.8,0.4,0.4,0.8,5.8,0.632,0.007,0.536,12.7,3.3,2.5,-0.6,0.7
Thomas Bryant,2019,3,8333333.333333334,109140000,0.07635452935068109,C,21,WAS,72,4.3,7,0.616,0.5,1.4,0.333,1.5,1.9,0.781,1.6,4.7,6.3,1.3,0.3,0.9,0.8,10.5,0.674,0.197,0.273,17.6,4.3,1.3,2.3,-0.3
Enes Kanter,2019,2,4885000,109140000,0.04475902510536925,C,26,TOT,67,5.6,10.2,0.549,0.1,0.5,0.294,2.3,2.9,0.787,3.8,6,9.8,1.7,0.5,0.4,1.8,13.7,0.594,0.05,0.288,23.1,3.9,1.6,2.5,-1.5
Jeremy Lamb,2019,3,10500000,109140000,0.09620670698185817,SG,26,CHO,79,5.5,12.4,0.44,1.5,4.2,0.348,2.9,3.3,0.888,0.8,4.7,5.5,2.2,1.1,0.4,1,15.3,0.552,0.337,0.266,22.5,3.3,2,1.2,0
Klay Thompson,2019,5,37980000.00000001,109140000,0.34799340296866416,SG,28,GSW,78,8.4,18,0.467,3.1,7.7,0.402,1.7,2,0.816,0.5,3.4,3.8,2.4,1.1,0.6,1.5,21.5,0.571,0.427,0.113,25.6,2.9,2.3,1.1,-1.4
Taj Gibson,2019,2,10000000,109140000,0.0916254352208173,PF,33,MIN,70,4.3,7.7,0.566,0.2,0.5,0.324,1.9,2.5,0.757,2.5,4.1,6.5,1.2,0.8,0.6,1,10.8,0.612,0.063,0.33,17.2,3.7,1.4,0.3,-0.4
D'Angelo Russell,2019,4,29330000,109140000,0.2687374015026571,PG,22,BRK,81,8.1,18.7,0.434,2.9,7.8,0.369,2,2.5,0.78,0.7,3.2,3.9,7,1.2,0.2,3.1,21.1,0.533,0.419,0.135,31.9,2.4,2.6,4,-0.6
Patrick Beverley,2019,3,13333333.333333334,109140000,0.12216724696108974,PG,30,LAC,78,2.5,6.1,0.407,1.4,3.6,0.397,1.2,1.6,0.78,1,4,5,3.8,0.9,0.6,1.1,7.6,0.561,0.591,0.258,12.2,2.8,2,-0.3,1.2
Tomáš Satoranský,2019,3,10000000,109140000,0.0916254352208173,PG,27,WAS,80,3.2,6.6,0.485,0.8,2,0.395,1.6,2,0.819,1,2.5,3.5,5,1,0.2,1.5,8.9,0.59,0.306,0.302,14.1,3.8,0.9,-0.4,-0.3
Marcus Morris,2019,1,15000000,109140000,0.13743815283122596,PF,29,BOS,75,5,11.3,0.447,1.9,5.2,0.375,1.9,2.3,0.844,1,5.1,6.1,1.5,0.6,0.3,1.2,13.9,0.568,0.461,0.205,20.9,2.1,2.5,-0.2,-0.7
Rudy Gay,2019,2,16000000,109140000,0.1466006963533077,PF,32,SAS,69,5.4,10.8,0.504,1.1,2.7,0.402,1.7,2.1,0.816,0.9,5.9,6.8,2.6,0.8,0.5,1.7,13.7,0.583,0.247,0.197,22.1,2.2,2.2,0.8,0.6
Richaun Holmes,2019,2,4885000,109140000,0.04475902510536925,C,25,PHO,70,3.2,5.2,0.608,0,0,NA,1.8,2.5,0.731,1.6,3.1,4.7,0.9,0.6,1.1,0.7,8.2,0.647,0,0.479,17.9,3.1,1.1,0.1,0.5
Nerlens Noel,2019,1,2020000,109140000,0.018508337914605093,C,24,OKC,77,2.1,3.6,0.587,0,0,NA,0.7,1,0.684,1.6,2.6,4.2,0.6,0.9,1.2,0.6,4.9,0.608,0,0.286,13.8,1.9,2.5,-1.2,3.3
Terrence Ross,2019,4,13500000,109140000,0.12369433754810336,SG,27,ORL,81,5.4,12.7,0.428,2.7,7,0.383,1.6,1.8,0.875,0.3,3.1,3.5,1.7,0.9,0.4,1.1,15.1,0.561,0.551,0.14,23.9,1.7,2.6,1.1,-0.3
Delon Wright,2019,3,9350000,109140000,0.08566978193146417,PG,26,TOT,75,3.2,7.4,0.434,0.7,2.2,0.298,1.6,2,0.793,0.9,2.6,3.5,3.3,1.2,0.4,1,8.7,0.523,0.301,0.269,18.1,1.9,2.4,0.1,1.4
Jonas Valančiūnas,2019,3,15000000,109140000,0.13743815283122596,C,26,TOT,49,6.1,11,0.559,0.3,1,0.292,3,3.8,0.795,2.2,6.4,8.6,1.4,0.4,1.1,1.8,15.6,0.616,0.089,0.344,28.5,2.2,1.9,2.2,0.4
Kentavious Caldwell-Pope,2019,2,8289999.999999999,109140000,0.07595748579805753,SG,25,LAL,82,4,9.2,0.43,1.8,5.3,0.347,1.7,1.9,0.867,0.6,2.3,2.9,1.3,0.9,0.2,0.8,11.4,0.568,0.575,0.209,18.1,2.3,1.8,-0.3,-0.1
Dewayne Dedmon,2019,3,13333333.333333334,109140000,0.12216724696108974,C,29,ATL,64,4,8.2,0.492,1.3,3.4,0.382,1.4,1.8,0.814,1.6,5.9,7.5,1.4,1.1,1.1,1.3,10.8,0.602,0.413,0.215,16.7,2.1,1.9,-0.3,0.8
Ryan Arcidiacono,2019,3,3000000,109140000,0.02748763056624519,PG,24,CHI,81,2.3,5.2,0.447,1,2.7,0.373,1.1,1.3,0.873,0.3,2.4,2.7,3.3,0.8,0,0.8,6.7,0.588,0.519,0.244,11.7,2.8,0.9,-2,0.1
Ricky Rubio,2019,3,17000000,109140000,0.1557632398753894,PG,28,UTA,68,4.3,10.7,0.404,1.2,3.7,0.311,2.9,3.4,0.855,0.5,3.1,3.6,6.1,1.3,0.1,2.6,12.7,0.52,0.348,0.312,22.7,0.9,2.8,-1,0.8
Harrison Barnes,2019,4,21250000,109140000,0.19470404984423675,PF-SF,26,TOT,77,5.6,13.3,0.42,2.3,5.7,0.395,3,3.6,0.824,0.7,3.9,4.7,1.5,0.6,0.2,1.3,16.4,0.55,0.429,0.271,20.9,2,1.6,-0.2,-1.2
Jeff Green,2019,1,2560000,109140000,0.02345611141652923,PF,32,WAS,77,4.2,8.9,0.475,1.4,4.2,0.347,2.4,2.7,0.888,0.7,3.3,4,1.8,0.6,0.5,1.3,12.3,0.608,0.466,0.3,17.8,2.8,0.8,0,-1.4
Cory Joseph,2019,3,12400000,109140000,0.11361553967381345,PG,27,IND,82,2.8,6.7,0.412,0.7,2.1,0.322,0.4,0.5,0.698,0.5,2.9,3.4,3.9,1.1,0.3,1,6.5,0.474,0.312,0.078,13.7,0.5,2.9,-2.1,1.7
Maxi Kleber,2019,4,8975000,109140000,0.08223382811068353,PF,27,DAL,71,2.5,5.4,0.453,1.1,3.1,0.353,0.8,1,0.784,1.3,3.4,4.6,1,0.5,1.1,0.8,6.8,0.579,0.565,0.192,13.5,1.6,1.8,-0.8,1.2
Daniel Theis,2019,2,5000000,109140000,0.04581271761040865,C,26,BOS,66,2.2,4,0.549,0.4,1,0.388,0.8,1.2,0.737,1.3,2.1,3.4,1,0.3,0.6,0.5,5.7,0.624,0.252,0.286,15.8,2.3,1.3,-0.8,0.9
Dorian Finney-Smith,2019,3,4000000,109140000,0.03665017408832692,SF,25,DAL,81,2.8,6.5,0.432,1,3.1,0.311,0.9,1.3,0.709,1.7,3.1,4.8,1.2,0.9,0.4,0.9,7.5,0.53,0.481,0.195,14,1.2,2,-1.8,0.4
Terry Rozier,2019,3,18900000.000000004,109140000,0.17317207256734474,PG,24,BOS,79,3.3,8.4,0.387,1.5,4.3,0.353,0.9,1.2,0.785,0.4,3.5,3.9,2.9,0.9,0.3,0.9,9,0.501,0.506,0.14,18.6,0.9,2.3,-0.7,0.5
Noah Vonleh,2019,1,2000000,109140000,0.01832508704416346,PF,23,NYK,68,3,6.5,0.47,0.7,2,0.336,1.6,2.3,0.712,1.7,6.1,7.8,1.9,0.7,0.8,1.3,8.4,0.561,0.311,0.355,14.8,1.5,1.7,-1.2,0.5
Ivica Zubac,2019,4,7127500,109140000,0.06530602895363753,C,21,TOT,59,3.6,6.4,0.559,0,0,NA,1.7,2.1,0.802,1.9,4.2,6.1,1.1,0.2,0.9,1.2,8.9,0.604,0,0.332,20.3,1.9,1.3,-0.2,-0.2
Reggie Bullock,2019,2,4099999.9999999995,109140000,0.037566428440535087,SG,27,TOT,63,3.9,9.4,0.412,2.3,6.2,0.377,1.2,1.3,0.859,0.3,2.4,2.7,2,0.6,0.2,1,11.3,0.563,0.662,0.143,15.8,1.6,1.4,-0.7,-0.4
DeMarre Carroll,2019,3,6883333.333333334,109140000,0.06306884124366258,PF,32,BRK,67,3.4,8.6,0.395,1.6,4.6,0.342,2.7,3.6,0.76,1,4.2,5.2,1.3,0.5,0.1,1.1,11.1,0.546,0.539,0.421,18.6,1.5,1.6,-0.9,-0.6
Jake Layman,2019,3,3760000,109140000,0.034451163643027305,SF,24,POR,71,3,6,0.509,0.8,2.5,0.326,0.7,1,0.704,0.8,2.3,3.1,0.7,0.4,0.4,0.6,7.6,0.594,0.427,0.167,15.9,1.9,1.2,-0.1,-0.3
Tyus Jones,2019,3,8813333.333333332,109140000,0.08075255024128031,PG,22,MIN,68,2.7,6.6,0.415,0.6,1.9,0.317,0.9,1,0.841,0.3,1.6,2,4.8,1.2,0.1,0.7,6.9,0.491,0.283,0.155,14.1,2.1,0.9,-0.9,0.3
Boban Marjanović,2019,2,3500000,109140000,0.032068902327286056,C,30,TOT,58,2.8,4.5,0.615,0.1,0.2,0.4,1.7,2.3,0.748,1.5,3.1,4.6,0.9,0.3,0.5,1,7.3,0.664,0.038,0.504,23.3,2.1,0.9,2.8,0.3
Derrick Rose,2019,2,7500000,109140000,0.06871907641561298,PG,30,MIN,51,7.1,14.8,0.482,1.1,2.9,0.37,2.7,3.1,0.856,0.6,2.1,2.7,4.3,0.6,0.2,1.6,18,0.557,0.194,0.212,27.3,2.6,0.3,3.2,-1.7
JaMychal Green,2019,2,4885000,109140000,0.04475902510536925,PF,28,TOT,65,3.5,7.3,0.483,1.1,2.7,0.403,1.2,1.6,0.792,1.6,4.7,6.3,0.8,0.7,0.5,1.3,9.4,0.587,0.37,0.212,19.4,0.9,1.9,-1.3,-0.4
T.J. McConnell,2019,2,3500000,109140000,0.032068902327286056,PG,26,PHI,76,2.9,5.5,0.525,0.2,0.6,0.333,0.4,0.5,0.784,0.4,1.9,2.3,3.4,1,0.2,1.2,6.4,0.555,0.1,0.088,15,1.2,1.7,-1.8,0.9
Khem Birch,2019,2,3000000,109140000,0.02748763056624519,C,26,ORL,50,1.8,3,0.603,0,0,0,1.2,1.7,0.699,1.6,2.2,3.8,0.8,0.4,0.6,0.4,4.8,0.64,0.007,0.55,14.1,1.8,1,0.1,1
George Hill,2019,3,9590000,109140000,0.08786879237676379,PG,32,TOT,60,2.8,6.3,0.452,0.8,2.6,0.314,1.2,1.4,0.824,0.7,1.8,2.5,2.3,0.9,0.1,0.9,7.6,0.554,0.407,0.226,15.1,1.5,1.3,-1.9,0.5
Robin Lopez,2019,2,4885000,109140000,0.04475902510536925,C,30,CHI,74,4.1,7.2,0.568,0.1,0.4,0.226,1.2,1.7,0.724,1.9,2,3.9,1.2,0.1,1.1,1.3,9.5,0.598,0.058,0.23,18.6,2,0.7,-0.6,-1.4
Wesley Matthews,2019,2,2625000,109140000,0.024051676745464542,SF-SG,32,TOT,69,4,10.1,0.4,2.2,5.8,0.372,1.9,2.4,0.81,0.5,2,2.5,2.3,0.8,0.2,1.3,12.2,0.546,0.577,0.234,17.8,1.1,1.5,-1.4,-0.5
Cheick Diallo,2019,2,1750000,109140000,0.016034451163643028,PF,22,NOP,64,2.6,4.2,0.62,0,0.1,0.25,0.8,1,0.746,1.2,4,5.2,0.5,0.5,0.5,0.8,6,0.644,0.015,0.247,16,1.4,1.2,-1.1,0.1
Wayne Ellington,2019,2,8000000,109140000,0.07330034817665385,SG,31,TOT,53,3.5,8.6,0.403,2.6,7,0.371,0.7,0.9,0.796,0.3,1.8,2,1.4,1,0.1,0.8,10.3,0.569,0.814,0.107,17.2,1.3,1.4,-0.3,0.3
James Ennis,2019,2,2005000,109140000,0.01837089976177387,SF,28,TOT,58,2.4,5.1,0.469,0.9,2.7,0.353,1,1.4,0.716,1,2.1,3.1,0.7,0.7,0.4,0.6,6.7,0.59,0.531,0.276,12.7,1.6,1,-1.4,-0.2
Rodney Hood,2019,2,5859999.999999999,109140000,0.05369250503939893,SG,26,TOT,72,4.1,9.3,0.435,1.2,3.3,0.356,1.9,2.2,0.884,0.3,1.8,2.2,1.8,0.8,0.2,0.8,11.2,0.545,0.352,0.231,18.1,2.1,0.5,-1.2,-0.8
Trevor Ariza,2019,2,12500000,109140000,0.11453179402602162,SF,33,TOT,69,4.3,10.7,0.399,2.1,6.3,0.334,1.9,2.4,0.793,0.7,4.7,5.4,3.7,1.3,0.3,1.5,12.5,0.534,0.59,0.223,16.6,1.3,1.2,-0.7,-0.6
Mike Muscala,2019,2,2155000,109140000,0.01974528129008613,PF,27,TOT,64,2.3,5.6,0.402,1.4,4,0.348,1.1,1.3,0.824,0.9,2.9,3.8,1.2,0.3,0.6,0.8,7,0.564,0.709,0.235,14.3,1.2,1.2,-0.8,-0.3
DeMarcus Cousins,2019,1,3500000,109140000,0.032068902327286056,C,28,GSW,30,5.9,12.4,0.48,0.9,3.2,0.274,3.5,4.8,0.736,1.4,6.8,8.2,3.6,1.3,1.5,2.4,16.3,0.562,0.256,0.388,28.1,0.9,1.5,0.4,2.6
Seth Curry,2019,4,8000000,109140000,0.07330034817665385,SG,28,POR,74,2.9,6.3,0.456,1.5,3.4,0.45,0.6,0.7,0.846,0.4,1.3,1.6,0.9,0.5,0.2,0.8,7.9,0.595,0.54,0.112,16.6,1.5,0.9,-0.4,-0.7
Danuel House,2019,3,3716666.666666667,109140000,0.03405412009040377,SF,25,HOU,39,3,6.5,0.468,1.9,4.6,0.416,1.4,1.8,0.789,0.6,2.9,3.6,1,0.5,0.3,0.9,9.4,0.646,0.706,0.282,14.1,1.6,0.7,0.1,-0.5
Kyle Korver,2019,1,2560000,109140000,0.02345611141652923,SG-PF,37,TOT,70,2.9,6.9,0.416,2,5,0.397,0.9,1,0.822,0.1,2.2,2.3,1.2,0.4,0.2,0.8,8.6,0.582,0.72,0.151,18.5,1,1.3,-0.2,-0.3
Kelly Oubre,2019,2,15000000,109140000,0.13743815283122596,NA,NA,NA,NA,NA,NA,NA,NA,NA,NA,NA,NA,NA,NA,NA,NA,NA,NA,NA,NA,NA,NA,NA,NA,NA,NA,NA,NA,NA
Garrett Temple,2019,2,4885000,109140000,0.04475902510536925,SG,32,TOT,75,2.8,6.6,0.422,1.2,3.5,0.341,1.1,1.4,0.748,0.4,2.5,2.9,1.4,1,0.4,0.9,7.8,0.543,0.535,0.217,13.2,0.3,2,-3.3,0.5
Tyson Chandler,2019,1,2560000,109140000,0.02345611141652923,C,36,TOT,55,1.1,1.8,0.616,0,0,0,0.9,1.6,0.586,1.7,3.9,5.6,0.7,0.4,0.4,0.8,3.1,0.63,0.01,0.879,8.5,0.9,1.2,-2.9,0.8
Justin Holiday,2019,1,4760000,109140000,0.04361370716510903,SG,29,TOT,82,3.7,9.5,0.386,2,5.7,0.348,1.2,1.3,0.896,0.6,3.4,3.9,1.8,1.5,0.4,1.3,10.5,0.52,0.598,0.136,15.7,-0.4,2.5,-2.3,0.5
Tim Frazier,2019,1,1880000,109140000,0.017225581821513652,PG,28,TOT,59,2,4.4,0.444,0.6,1.7,0.366,0.7,0.9,0.759,0.7,2.2,2.8,4.2,0.5,0.1,1.3,5.3,0.544,0.387,0.207,13.3,1.3,0.7,-1.4,-0.4
Trey Burke,2019,1,2020000,109140000,0.018508337914605093,PG,26,TOT,58,4.1,9.4,0.431,1,2.7,0.352,1.8,2.1,0.831,0.5,1.2,1.7,2.7,0.6,0.1,0.8,10.9,0.524,0.29,0.226,24.8,1.4,0.5,1.5,-1.4
Vince Carter,2019,1,2560000,109140000,0.02345611141652923,PF,42,ATL,76,2.6,6.2,0.419,1.6,4.2,0.389,0.6,0.9,0.712,0.4,2.1,2.6,1.1,0.6,0.4,0.6,7.4,0.565,0.675,0.141,16.7,1.2,0.7,-0.4,-0.3
Gerald Green,2019,1,2560000,109140000,0.02345611141652923,SG,33,HOU,73,3.2,7.9,0.4,2.1,6,0.354,0.8,0.9,0.838,0.4,2.1,2.5,0.5,0.5,0.4,0.8,9.2,0.555,0.763,0.118,19.5,0.9,1,-0.2,-1.5
Rodney McGruder,2019,3,5000000,109140000,0.04581271761040865,SG,27,MIA,66,2.8,7,0.403,1.2,3.4,0.351,0.8,1.1,0.722,0.9,2.7,3.6,1.7,0.5,0.2,1,7.6,0.51,0.488,0.156,15.4,0.4,1.6,-2.2,-0.1
Quinn Cook,2019,2,3000000,109140000,0.02748763056624519,PG,25,GSW,74,2.8,5.9,0.465,1.1,2.7,0.405,0.3,0.4,0.769,0.3,1.8,2.1,1.6,0.3,0,0.7,6.9,0.565,0.456,0.059,20.2,1,0.8,-0.5,-1.6
Jared Dudley,2019,1,2560000,109140000,0.02345611141652923,PF,33,BRK,59,1.7,4.1,0.423,0.9,2.6,0.351,0.5,0.8,0.696,0.6,2.1,2.6,1.4,0.6,0.3,0.7,4.9,0.554,0.632,0.192,10.4,0.6,1.2,-2.9,1.1
Frank Kaminsky,2019,2,4885000,109140000,0.04475902510536925,C,25,CHO,47,2.9,6.3,0.463,1.1,3,0.36,1.7,2.3,0.738,0.8,2.6,3.5,1.3,0.3,0.3,0.9,8.6,0.587,0.466,0.359,22.1,1.3,0.5,1.4,-1.1
Ish Smith,2019,2,6000000,109140000,0.05497526113249038,PG,30,DET,56,3.7,8.7,0.419,0.8,2.4,0.326,0.8,1.1,0.758,0.4,2.2,2.6,3.6,0.5,0.2,1.1,8.9,0.485,0.276,0.127,19.9,0.5,1.1,-1.6,-0.3
Jordan Bell,2019,1,1620000,109140000,0.014843320505772403,C,24,GSW,68,1.5,2.8,0.516,0,0,0,0.4,0.6,0.61,0.8,1.9,2.7,1.1,0.3,0.8,0.6,3.3,0.531,0.01,0.214,13.7,0.5,1.1,-2.2,1.3
Darius Miller,2019,2,7125000,109140000,0.06528312259483232,SF,28,NOP,69,2.7,7,0.39,1.9,5.3,0.365,0.8,1,0.789,0.2,1.7,1.9,2.1,0.6,0.3,0.9,8.2,0.55,0.752,0.147,13.4,1.1,0.6,-2.1,-0.8
Markieff Morris,2019,2,3280000,109140000,0.030053142752428073,PF,29,TOT,58,3.5,8.3,0.421,1.2,3.5,0.335,1.2,1.6,0.772,1.1,3.5,4.6,1.4,0.6,0.4,0.9,9.4,0.521,0.419,0.19,19.1,0.6,1.1,-2.1,-0.6
Bobby Portis,2019,2,15375000,109140000,0.1408741066520066,PF,23,TOT,50,5.6,12.6,0.444,1.5,3.8,0.393,1.5,1.9,0.794,2.2,5.9,8.1,1.4,0.7,0.4,1.5,14.2,0.529,0.304,0.154,24.6,0.5,1.1,-0.2,-2.3
Mike Scott,2019,2,4900000,109140000,0.04489646325820048,PF,30,TOT,79,2.1,5.3,0.4,1.3,3.2,0.401,0.3,0.4,0.667,0.5,2.9,3.5,0.8,0.3,0.2,0.6,5.8,0.528,0.6,0.079,14.4,0.4,1.2,-1.9,-0.7
Alec Burks,2019,1,2320000,109140000,0.02125710097122961,SG,27,TOT,64,3,7.4,0.405,1,2.6,0.363,1.8,2.2,0.823,0.5,3.2,3.7,2,0.6,0.3,1,8.8,0.523,0.354,0.297,19,0.7,0.8,-0.6,-0.7
Wilson Chandler,2019,1,2560000,109140000,0.02345611141652923,PF-SF,31,TOT,51,2.2,5.4,0.418,1.2,3.1,0.373,0.4,0.5,0.72,0.9,3.3,4.2,1.6,0.5,0.4,0.9,6,0.537,0.579,0.092,11.8,0.5,1,-2.3,-0.5
Elfrid Payton,2019,2,8000000,109140000,0.07330034817665385,PG,24,NOP,42,4.3,9.8,0.434,0.8,2.5,0.314,1.3,1.8,0.743,1.2,4.1,5.2,7.6,1,0.4,2.7,10.6,0.502,0.255,0.18,18.3,0.6,0.9,-0.7,-0.7
Thabo Sefolosha,2019,1,2560000,109140000,0.02345611141652923,SF,34,UTA,50,1.4,3,0.477,0.7,1.6,0.436,0.3,0.4,0.636,0.2,2.3,2.5,0.5,0.9,0.1,0.5,3.8,0.599,0.523,0.148,12.9,0.2,1.2,-1.6,3.1
Shaquille Harrison,2019,1,890000,109140000,0.00815466373465274,SG,25,CHI,73,2.5,5.8,0.432,0.3,1.2,0.27,1.1,1.7,0.667,0.5,2.6,3,1.9,1.2,0.4,0.8,6.5,0.494,0.209,0.289,16.5,-0.1,1.6,-2.8,1.5
Nenê Hilário,2019,2,10000000,109140000,0.0916254352208173,NA,NA,NA,NA,NA,NA,NA,NA,NA,NA,NA,NA,NA,NA,NA,NA,NA,NA,NA,NA,NA,NA,NA,NA,NA,NA,NA,NA,NA
Luke Kornet,2019,2,2250000,109140000,0.02061572292468389,PF,23,NYK,46,2.3,6.2,0.378,1.5,4.2,0.363,0.8,1,0.826,0.6,2.3,2.9,1.2,0.6,0.9,0.5,7,0.531,0.682,0.163,17.9,0.6,0.7,1.4,0.7
David Nwaba,2019,2,1750000,109140000,0.016034451163643028,SG,26,CLE,51,2.5,5.1,0.481,0.5,1.5,0.32,1.1,1.7,0.682,0.8,2.4,3.2,1.1,0.7,0.3,0.6,6.5,0.558,0.286,0.324,14.6,1.1,0.3,-1.8,-0.3
Jabari Parker,2019,2,6500000,109140000,0.059556532893531244,PF,23,TOT,64,5.8,11.7,0.493,1,3,0.313,2,2.9,0.712,1.2,5.3,6.6,2.4,0.7,0.5,2.4,14.5,0.56,0.26,0.246,24.6,0.1,1.3,-0.7,-0.9
Rajon Rondo,2019,2,2590000,109140000,0.02373098772219168,PG,32,LAL,46,3.8,9.4,0.405,1.1,3.1,0.359,0.5,0.8,0.639,0.7,4.5,5.3,8,1.2,0.2,2.8,9.2,0.473,0.329,0.083,17.4,-0.2,1.5,-1.7,0.2
Rondae Hollis-Jefferson,2019,1,2500000,109140000,0.022906358805204325,SF,24,BRK,59,3.4,8.3,0.411,0.2,0.8,0.184,2,3.1,0.645,1.4,3.8,5.3,1.6,0.7,0.5,1.2,8.9,0.464,0.101,0.376,21.6,-0.5,1.7,-3,0.4
Trey Lyles,2019,2,5500000,109140000,0.05039398937144952,PF,23,DEN,64,3.2,7.7,0.418,0.8,3.1,0.255,1.3,1.8,0.698,0.7,3.2,3.8,1.4,0.5,0.4,1.1,8.5,0.5,0.404,0.234,23.4,-0.2,1.4,-1.8,-0.7
Austin Rivers,2019,2,2270000,109140000,0.020798973795125526,SG,26,TOT,76,3.1,7.5,0.406,1.4,4.3,0.318,0.7,1.3,0.526,0.3,1.8,2.1,2.2,0.6,0.3,0.9,8.1,0.503,0.572,0.166,14.5,0.4,0.8,-3.3,-1
Anthony Tolliver,2019,1,2560000,109140000,0.02345611141652923,PF,33,MIN,65,1.5,4,0.382,1.2,3.3,0.377,0.7,0.9,0.783,0.2,2.5,2.7,0.7,0.3,0.3,0.6,5,0.571,0.83,0.232,12.5,0.6,0.5,-1.7,-0.7
Pau Gasol,2019,1,2560000,109140000,0.02345611141652923,C,38,TOT,30,1.4,3.1,0.447,0.2,0.4,0.462,0.9,1.3,0.7,0.7,3.8,4.6,1.7,0.2,0.5,0.5,3.9,0.529,0.138,0.426,15.6,0.5,0.5,1,2.1
Furkan Korkmaz,2019,2,1690000,109140000,0.015484698552318123,SG,21,PHI,48,2,5.1,0.4,1,3,0.326,0.8,0.9,0.818,0.3,1.9,2.2,1.1,0.6,0,0.5,5.8,0.528,0.588,0.18,17.9,0.4,0.7,-1.6,-0.2
Raul Neto,2019,1,1730000,109140000,0.015851200293201393,PG,26,UTA,37,2,4.4,0.46,0.5,1.6,0.333,0.8,0.9,0.848,0.2,1.5,1.7,2.5,0.4,0.1,0.9,5.3,0.558,0.373,0.205,19,0.5,0.6,-1.1,0.8
Patrick Patterson,2019,1,2329999.9999999995,109140000,0.021348726406450427,PF,29,OKC,63,1.3,3.5,0.374,0.7,2.2,0.336,0.3,0.5,0.633,0.7,1.7,2.3,0.5,0.3,0.2,0.3,3.6,0.493,0.626,0.137,12,0.2,0.9,-2,-0.4
J.J. Barea,2019,1,2560000,109140000,0.02345611141652923,PG,34,DAL,38,4.2,10.1,0.418,1,3.4,0.297,1.4,2.1,0.705,0.3,2.2,2.5,5.6,0.6,0,1.9,10.9,0.495,0.332,0.203,28.1,0.4,0.6,1.2,-1.8
Alex Caruso,2019,2,2750000,109140000,0.02519699468572476,PG,24,LAL,25,3.1,6.9,0.445,1,2,0.48,2,2.6,0.797,0.8,1.9,2.7,3.1,1,0.4,1.7,9.2,0.569,0.289,0.37,19,0.5,0.6,-1,0.7
Kyle O'Quinn,2019,1,2020000,109140000,0.018508337914605093,C,28,IND,45,1.5,3,0.507,0,0.3,0.083,0.4,0.5,0.81,0.6,2,2.6,1.2,0.2,0.6,0.7,3.5,0.537,0.088,0.154,20.8,0.2,0.8,-2.5,3
Brad Wanamaker,2019,1,1440000,109140000,0.013194062671797692,PG,29,BOS,36,1.4,2.9,0.476,0.4,1.1,0.41,0.7,0.8,0.857,0.1,1.1,1.1,1.6,0.3,0.1,0.5,3.9,0.597,0.371,0.267,17.1,0.6,0.4,-1.3,0.7
Michael Carter-Williams,2019,1,2020000,109140000,0.018508337914605093,PG,27,TOT,28,1.6,4.4,0.374,0.4,1.4,0.263,1.1,1.9,0.604,0.7,1.8,2.5,2.5,0.7,0.5,0.7,4.8,0.458,0.309,0.431,19.4,0.2,0.6,-1.4,2.2
Emmanuel Mudiay,2019,1,1730000,109140000,0.015851200293201393,PG,22,NYK,59,5.6,12.5,0.446,1.2,3.6,0.329,2.4,3.2,0.774,0.6,2.8,3.3,3.9,0.7,0.3,2.4,14.8,0.531,0.284,0.251,25.6,0.1,0.7,-0.2,-1.8
Glenn Robinson,2019,2,1974999.9999999998,109140000,0.018096023456111415,NA,NA,NA,NA,NA,NA,NA,NA,NA,NA,NA,NA,NA,NA,NA,NA,NA,NA,NA,NA,NA,NA,NA,NA,NA,NA,NA,NA,NA
Dwight Howard,2019,1,2560000,109140000,0.02345611141652923,C,33,WAS,9,4.8,7.7,0.623,0,0,NA,3.2,5.3,0.604,2.7,6.6,9.2,0.4,0.8,0.4,1.8,12.8,0.638,0,0.696,19.6,0.4,0.2,-1.3,-1.7
Dragan Bender,2019,2,1750000,109140000,0.016034451163643028,PF,21,PHO,46,1.9,4.3,0.447,0.5,2.2,0.218,0.7,1.2,0.593,0.7,3.2,4,1.2,0.4,0.5,0.8,5,0.521,0.513,0.274,13.4,0,0.4,-3.4,-0.8
Stanley Johnson,2019,2,3710000,109140000,0.03399303646692322,SF,22,TOT,66,2.6,6.7,0.389,0.9,3.3,0.288,0.8,1,0.781,0.5,2.8,3.3,1.3,0.9,0.2,1.2,6.9,0.485,0.489,0.145,19.4,-1.1,1.6,-3.1,0.9
Patrick McCaw,2019,2,4000000,109140000,0.03665017408832692,SG,23,TOT,29,0.9,2.2,0.413,0.3,1,0.321,0.4,0.5,0.867,0.2,1.4,1.7,1,0.8,0.1,0.6,2.6,0.532,0.444,0.238,9.4,0,0.5,-4.8,1.9
JaKarr Sampson,2019,1,1730000,109140000,0.015851200293201393,SF,25,CHI,4,7.3,13.5,0.537,1.3,3.5,0.357,4.3,5.3,0.81,1.3,6.8,8,1,1,0.8,1,20,0.633,0.259,0.389,23.1,0.3,0.1,3.6,0.2
Justin Anderson,2019,1,1730000,109140000,0.015851200293201393,SF,25,ATL,48,1.3,3.3,0.408,0.5,1.6,0.312,0.5,0.7,0.743,0.5,1.3,1.8,0.5,0.5,0.3,0.5,3.7,0.516,0.49,0.223,17.2,0.1,0.4,-2.4,-0.3
Avery Bradley,2019,2,4885000,109140000,0.04475902510536925,SG,28,TOT,63,3.9,9.7,0.408,1.4,3.9,0.351,0.7,0.8,0.86,0.7,2.1,2.8,2.4,0.7,0.3,1.4,9.9,0.496,0.403,0.082,16.2,-0.6,1,-2.8,-0.9
Troy Daniels,2019,1,2020000,109140000,0.018508337914605093,SG,27,PHO,51,2.2,5.4,0.411,1.5,3.8,0.381,0.4,0.5,0.783,0.3,1.2,1.4,0.5,0.5,0.1,0.5,6.2,0.558,0.705,0.084,17.6,0.2,0.1,-1.7,-2
Devin Robinson,2019,1,1620000,109140000,0.014843320505772403,SF,23,WAS,7,2.7,4.6,0.594,0,0.3,0,1.3,2,0.643,0.9,2,2.9,0.9,0.6,0.9,0.3,6.7,0.616,0.063,0.438,17.9,0.2,0.1,0.8,1.1
Timothé Luwawu-Cabarrot,2019,1,1670000.0000000002,109140000,0.01530144768187649,SF,23,TOT,50,1.6,4.4,0.376,0.7,2.3,0.31,0.6,0.8,0.756,0.2,1.7,1.9,0.5,0.4,0.2,0.4,4.6,0.489,0.532,0.188,16.6,-0.3,0.5,-4.1,-1.1
Tyler Lydon,2019,2,1690000,109140000,0.015484698552318123,PF,22,DEN,25,0.4,0.7,0.5,0.2,0.4,0.4,0,0.1,0.333,0.3,0.4,0.7,0.2,0.1,0,0.2,0.9,0.595,0.556,0.167,10.6,0.1,0.1,-2.8,-1.4
Ben McLemore,2019,2,2005000,109140000,0.01837089976177387,SG,25,SAC,19,1.3,3.4,0.391,0.9,2.2,0.415,0.4,0.6,0.667,0.2,0.7,0.9,0.2,0.3,0.2,0.3,3.9,0.541,0.641,0.188,19.4,0.1,0.1,-2.1,-1.4
Edmond Sumner,2019,3,2160000,109140000,0.019791094007696537,PG,23,IND,23,1,2.8,0.344,0.3,1.2,0.259,0.7,1,0.625,0.4,0.7,1,0.4,0.5,0.2,0.4,2.9,0.443,0.422,0.375,17.6,-0.2,0.3,-5.8,0.5
Lance Thomas,2019,1,2320000,109140000,0.02125710097122961,PF,30,NYK,46,1.7,4.3,0.396,0.5,1.7,0.278,0.6,0.8,0.75,0.5,2.1,2.5,0.6,0.4,0.2,0.5,4.5,0.482,0.401,0.183,12.9,-0.3,0.3,-4.8,-0.9
C.J. Williams,2019,1,1620000,109140000,0.014843320505772403,SG,28,MIN,15,1.1,2.3,0.486,0.3,1.1,0.313,0,0.1,0,0.1,0.5,0.5,0.8,0.4,0,0.3,2.6,0.55,0.457,0.029,13.3,0.1,0.1,-3.8,0.2
Theo Pinson,2019,2,1570000,109140000,0.014385193329668316,SG,23,BRK,18,1.4,4.1,0.342,0.7,2.6,0.261,1.1,1.2,0.864,0.2,1.8,2,1.2,0.3,0,1,4.5,0.49,0.63,0.301,20,-0.2,0.2,-3.6,0.4
Sindarius Thornwell,2019,1,1620000,109140000,0.014843320505772403,SG,24,LAC,64,0.3,0.8,0.347,0,0.2,0.2,0.4,0.5,0.735,0.1,0.6,0.7,0.3,0.2,0.1,0.3,1,0.485,0.306,0.694,11.3,-0.3,0.3,-5.8,1
Tyler Ulis,2019,1,1620000,109140000,0.014843320505772403,PG,23,CHI,1,0,0,NA,0,0,NA,0,0,NA,0,0,0,0,0,0,0,0,NA,NA,NA,0,0,0,-7.7,-2.7
Ryan Anderson,2019,1,2560000,109140000,0.02345611141652923,PF,30,TOT,25,0.8,2.8,0.304,0.4,1.6,0.225,0.5,0.6,0.75,0.7,1.4,2.2,0.8,0.2,0,0.6,2.5,0.414,0.58,0.232,12,-0.3,0,-4.5,-1.9
Marquese Chriss,2019,1,1670000.0000000002,109140000,0.01530144768187649,PF,21,TOT,43,1.6,4.2,0.372,0.4,1.7,0.222,0.7,1,0.711,0.9,2.4,3.3,0.5,0.4,0.3,0.8,4.2,0.455,0.4,0.25,20.6,-0.6,0.4,-5.7,-1.9
Isaiah Thomas,2019,1,2320000,109140000,0.02125710097122961,SG,29,DEN,12,2.8,8.3,0.343,1,3.6,0.279,1.4,2.3,0.63,0.4,0.7,1.1,1.9,0.4,0.1,1.5,8.1,0.437,0.434,0.273,30.4,-0.4,0.1,-4,-2.5
Thanasis Antetokounmpo,2019,2,1570000,109140000,0.014385193329668316,NA,NA,NA,NA,NA,NA,NA,NA,NA,NA,NA,NA,NA,NA,NA,NA,NA,NA,NA,NA,NA,NA,NA,NA,NA,NA,NA,NA,NA
Anthony Bennett,2019,1,1730000,109140000,0.015851200293201393,NA,NA,NA,NA,NA,NA,NA,NA,NA,NA,NA,NA,NA,NA,NA,NA,NA,NA,NA,NA,NA,NA,NA,NA,NA,NA,NA,NA,NA
Joe Johnson,2019,1,2560000,109140000,0.02345611141652923,NA,NA,NA,NA,NA,NA,NA,NA,NA,NA,NA,NA,NA,NA,NA,NA,NA,NA,NA,NA,NA,NA,NA,NA,NA,NA,NA,NA,NA
Kristaps Porziņģis,2019,5,31650000,109140000,0.28999450247388675,NA,NA,NA,NA,NA,NA,NA,NA,NA,NA,NA,NA,NA,NA,NA,NA,NA,NA,NA,NA,NA,NA,NA,NA,NA,NA,NA,NA,NA
Isaiah Taylor,2019,2,1690000,109140000,0.015484698552318123,NA,NA,NA,NA,NA,NA,NA,NA,NA,NA,NA,NA,NA,NA,NA,NA,NA,NA,NA,NA,NA,NA,NA,NA,NA,NA,NA,NA,NA
Anthony Davis,2020,5,38000000,109140000,0.34817665383910573,PF,26,LAL,62,8.9,17.7,0.503,1.2,3.5,0.33,7.2,8.5,0.846,2.3,7,9.3,3.2,1.5,2.3,2.5,26.1,0.61,0.199,0.479,29.3,6.7,4.4,5.4,2.6
Hassan Whiteside,2020,1,2300000,109140000,0.02107385010078798,C,30,POR,67,6.5,10.5,0.621,0.1,0.1,0.571,2.4,3.6,0.686,3.9,9.7,13.5,1.2,0.4,2.9,1.8,15.5,0.644,0.01,0.34,19.6,5.6,3,2.5,0.7
Montrezl Harrell,2020,2,9500000,109140000,0.08704416345977643,C,26,LAC,63,7.5,12.9,0.58,0,0.3,0,3.7,5.6,0.658,2.6,4.5,7.1,1.7,0.6,1.1,1.7,18.6,0.607,0.022,0.432,25.7,4.4,2.5,2.5,0.5
Danilo Gallinari,2020,3,20333333.333333332,109140000,0.18630505161566183,PF,31,OKC,62,5.8,13.2,0.438,2.9,7.1,0.405,4.3,4.8,0.893,0.5,4.6,5.2,1.9,0.7,0.1,1.2,18.7,0.612,0.537,0.365,24.6,4.5,1.9,4.1,-0.9
Fred VanVleet,2020,NA,NA,109140000,NA,SG,25,TOR,54,5.9,14.3,0.413,2.7,6.9,0.39,3.1,3.7,0.848,0.3,3.4,3.8,6.6,1.9,0.3,2.2,17.6,0.553,0.484,0.256,21.7,2.8,3.1,1.2,1.4
Gordon Hayward,2020,4,30000000,109140000,0.2748763056624519,SF,29,BOS,52,6.7,13.5,0.5,1.6,4.3,0.383,2.4,2.8,0.855,1.1,5.6,6.7,4.1,0.7,0.4,1.8,17.5,0.595,0.317,0.207,21.1,3.5,2.2,2.6,0.1
Dwight Howard,2020,1,2560000,109140000,0.02345611141652923,C,34,LAL,69,2.9,4,0.729,0,0.1,0.6,1.6,3.1,0.514,2.5,4.9,7.3,0.7,0.4,1.1,1.2,7.5,0.696,0.018,0.773,14.7,2.8,2.6,-1,1.2
Christian Wood,2020,3,13666666.666666666,109140000,0.12522142813511697,PF,24,DET,62,4.6,8.2,0.567,0.9,2.3,0.386,2.9,3.9,0.744,1.7,4.6,6.3,1,0.5,0.9,1.4,13.1,0.659,0.276,0.476,23,3.6,1.5,3.5,-0.3
Nerlens Noel,2020,1,5000000,109140000,0.04581271761040865,C,25,OKC,61,3,4.4,0.684,0,0,0.333,1.3,1.7,0.755,1.5,3.4,4.9,0.9,1,1.5,1.1,7.4,0.711,0.011,0.394,14.9,2.6,2.3,-0.3,3.4
Jerami Grant,2020,3,20000000,109140000,0.1832508704416346,PF,25,DEN,71,4.3,8.9,0.478,1.4,3.5,0.389,2.1,2.8,0.75,0.8,2.7,3.5,1.2,0.7,0.8,0.9,12,0.591,0.397,0.309,18,2.8,1.6,0.1,-0.6
Derrick Jones,2020,2,9500000,109140000,0.08704416345977643,NA,NA,NA,NA,NA,NA,NA,NA,NA,NA,NA,NA,NA,NA,NA,NA,NA,NA,NA,NA,NA,NA,NA,NA,NA,NA,NA,NA,NA
Joe Harris,2020,4,18750000,109140000,0.17179769103903245,SF,28,BRK,69,5.5,11.4,0.486,2.5,5.9,0.424,0.9,1.3,0.719,0.9,3.4,4.3,2.1,0.6,0.2,1.5,14.5,0.606,0.518,0.114,18.3,2.5,1.8,0.4,-0.6
Derrick Favors,2020,3,9733333.333333332,109140000,0.08918209028159549,C,28,NOP,51,4.1,6.6,0.617,0,0.1,0.143,0.8,1.4,0.563,3.2,6.6,9.8,1.6,0.6,0.9,1.1,9,0.62,0.021,0.209,14,2.6,1.6,0.7,0.3
Justin Holiday,2020,3,6000000,109140000,0.05497526113249038,SF,30,IND,73,2.8,6.7,0.428,1.8,4.5,0.405,0.7,0.9,0.791,0.4,2.8,3.3,1.3,1.2,0.6,0.6,8.3,0.585,0.681,0.138,13.4,1.6,2.6,-0.5,1.8
Jakob Poeltl,2020,3,8750000,109140000,0.08017225581821513,C,24,SAS,66,2.5,4,0.624,0,0,NA,0.6,1.3,0.465,2,3.7,5.7,1.8,0.6,1.4,0.8,5.6,0.612,0,0.323,13.2,2.4,1.6,0.5,2
Serge Ibaka,2020,2,9500000,109140000,0.08704416345977643,C,30,TOR,55,6.2,12.2,0.512,1.3,3.3,0.385,1.6,2.3,0.718,2.1,6.1,8.2,1.4,0.5,0.8,2,15.4,0.583,0.272,0.185,24,1.2,2.7,0.1,0
Chris Boucher,2020,2,6750000,109140000,0.06184716877405168,C,27,TOR,62,2.3,4.8,0.472,0.6,1.9,0.322,1.5,1.9,0.784,1.7,2.7,4.5,0.4,0.4,1,0.5,6.6,0.587,0.395,0.388,19.7,2.1,1.8,1,1
Jae Crowder,2020,3,9666666.666666666,109140000,0.08857125404679005,SF-PF,29,TOT,65,3.5,8.7,0.401,2.1,6.1,0.343,1.5,1.9,0.776,0.8,5.1,5.9,2.5,1.1,0.4,1.1,10.5,0.553,0.7,0.222,15.5,1.6,2.2,-0.5,0.4
Alec Burks,2020,1,6000000,109140000,0.05497526113249038,SF-SG,28,TOT,66,4.9,11.6,0.418,1.8,4.6,0.385,3.6,4,0.887,0.7,3.5,4.3,2.9,0.9,0.3,1.4,15,0.561,0.392,0.345,23.8,2.5,1.2,1.2,-0.7
Kentavious Caldwell-Pope,2020,3,13000000,109140000,0.11911306578706249,SG,26,LAL,69,3.4,7.3,0.467,1.3,3.5,0.385,1.1,1.5,0.775,0.6,1.5,2.1,1.6,0.8,0.2,0.9,9.3,0.584,0.471,0.201,14.7,1.9,1.9,-1.2,0.4
Marcus Morris,2020,4,16000000,109140000,0.1466006963533077,SF-PF,30,TOT,62,5.7,13.1,0.438,2.3,5.6,0.408,2.9,3.5,0.823,1,4.1,5,1.4,0.8,0.5,1.6,16.7,0.57,0.43,0.272,21.9,2.1,1.5,0.6,-0.7
Dario Šarić,2020,3,9000000,109140000,0.08246289169873557,PF,25,PHO,66,3.9,8.2,0.476,1.3,3.6,0.357,1.6,1.9,0.844,1.5,4.6,6.2,1.9,0.6,0.2,1.3,10.7,0.592,0.437,0.238,17.8,2.1,1.5,-0.1,-0.3
Dāvis Bertāns,2020,5,16000000,109140000,0.1466006963533077,PF,27,WAS,54,4.9,11.3,0.434,3.7,8.7,0.424,1.9,2.3,0.852,0.6,3.9,4.5,1.7,0.7,0.6,1.1,15.4,0.628,0.774,0.2,19,3,0.5,2.7,-1.8
Goran Dragić,2020,NA,NA,109140000,NA,PG,33,MIA,59,5.4,12.3,0.441,2.1,5.7,0.367,3.2,4.2,0.776,0.5,2.7,3.2,5.1,0.7,0.2,2.4,16.2,0.573,0.467,0.34,25.9,2.2,1.3,1.4,-1.6
Paul Millsap,2020,1,10000000,109140000,0.0916254352208173,PF,34,DEN,51,4.1,8.6,0.482,1.1,2.4,0.435,2.3,2.8,0.816,1.9,3.8,5.7,1.6,0.9,0.6,1.4,11.6,0.591,0.283,0.322,20,2.1,1.4,0.3,-0.2
Brad Wanamaker,2020,1,2250000,109140000,0.02061572292468389,PG,30,BOS,71,2.3,5.1,0.448,0.5,1.4,0.363,1.8,1.9,0.926,0.3,1.7,2,2.5,0.9,0.2,1.1,6.9,0.577,0.282,0.376,15.5,1.8,1.8,-1.9,1.3
Jordan Clarkson,2020,4,13000000,109140000,0.11911306578706249,SG,27,TOT,71,5.5,12.2,0.454,2.1,5.8,0.368,1.9,2.3,0.836,0.7,1.9,2.6,1.9,0.6,0.2,1.4,15.2,0.574,0.476,0.19,26.3,2.4,1,2.4,-1.3
Pat Connaughton,2020,3,5333333.333333333,109140000,0.04886689878443589,SG,27,MIL,67,2,4.5,0.455,0.8,2.5,0.331,0.5,0.6,0.775,0.9,3.3,4.2,1.6,0.4,0.5,0.8,5.4,0.565,0.551,0.133,12.3,1.1,2.3,-0.9,1.5
Mason Plumlee,2020,3,8333333.333333334,109140000,0.07635452935068109,C,29,DEN,61,2.9,4.7,0.615,0,0.1,0,1.4,2.5,0.535,1.6,3.6,5.2,2.5,0.5,0.6,1.3,7.2,0.613,0.017,0.538,18,2,1.4,0.3,1.7
Wesley Matthews,2020,1,3600000,109140000,0.032985156679494226,SG,33,MIL,67,2.5,6.3,0.396,1.6,4.4,0.364,0.8,1,0.765,0.3,2.1,2.5,1.4,0.6,0.1,0.6,7.4,0.547,0.704,0.161,12.5,0.8,2.4,-2.6,0.7
Bogdan Bogdanović,2020,4,18000000,109140000,0.16492578339747113,SG,27,SAC,61,5.5,12.6,0.44,2.7,7.2,0.372,1.4,1.9,0.741,0.4,3,3.4,3.4,1,0.2,1.7,15.1,0.565,0.576,0.151,22.6,1.8,1.3,1.2,-0.5
Langston Galloway,2020,1,2000000,109140000,0.01832508704416346,SG,28,DET,66,3.6,8.2,0.435,2,5,0.399,1.1,1.3,0.859,0.5,1.8,2.3,1.5,0.7,0.2,0.6,10.3,0.584,0.611,0.157,15.9,2.4,0.7,0,-0.9
JaMychal Green,2020,2,7500000,109140000,0.06871907641561298,PF,29,LAC,63,2.4,5.6,0.429,1.5,3.8,0.387,0.6,0.8,0.75,1.2,4.9,6.2,0.8,0.5,0.4,0.9,6.8,0.576,0.676,0.136,13.7,1.1,2,-1.2,0.7
Tristan Thompson,2020,2,9500000,109140000,0.08704416345977643,PF,28,CLE,57,5.1,9.9,0.512,0.2,0.4,0.391,1.7,2.8,0.615,4,6.2,10.1,2.1,0.6,0.9,1.8,12,0.54,0.041,0.286,18.3,2,1.1,-0.3,-1.3
Marc Gasol,2020,2,2500000,109140000,0.022906358805204325,C,35,TOR,44,2.7,6.3,0.427,1.3,3.4,0.385,0.8,1.1,0.735,0.7,5.5,6.3,3.3,0.8,0.9,1.3,7.5,0.551,0.53,0.176,13.2,0.8,2.2,-1.2,2.8
D.J. Augustin,2020,3,7000000,109140000,0.06413780465457211,PG,32,ORL,57,3.2,8.1,0.399,1.2,3.5,0.348,2.8,3.2,0.89,0.4,1.8,2.1,4.6,0.6,0,1.5,10.5,0.554,0.436,0.393,19.1,2,0.9,-0.3,-1.3
Willie Cauley-Stein,2020,2,4099999.9999999995,109140000,0.037566428440535087,C,26,TOT,54,3.2,5.6,0.579,0,0,0,0.7,1.2,0.606,1.6,4.3,5.8,1.3,0.9,1.1,0.7,7.2,0.589,0.003,0.219,14.4,1.5,1.5,-1.2,1.7
Glenn Robinson,2020,1,2000000,109140000,0.01832508704416346,NA,NA,NA,NA,NA,NA,NA,NA,NA,NA,NA,NA,NA,NA,NA,NA,NA,NA,NA,NA,NA,NA,NA,NA,NA,NA,NA,NA,NA
Damian Jones,2020,2,1850000,109140000,0.016950705515851202,C,24,ATL,55,2.2,3.2,0.68,0,0.2,0.222,1.1,1.5,0.738,1.3,2.4,3.7,0.6,0.5,0.7,0.5,5.6,0.712,0.051,0.472,11.4,2.2,0.6,-1.6,0.1
Maurice Harkless,2020,1,3600000,109140000,0.032985156679494226,PF-SF,26,TOT,62,2.3,4.6,0.502,0.5,1.6,0.347,0.6,1.1,0.591,0.9,3,3.9,1.1,0.9,0.5,0.9,5.8,0.572,0.346,0.233,10.7,0.8,1.9,-2.6,1.9
Alex Len,2020,1,2300000,109140000,0.02107385010078798,C,26,TOT,55,3.2,5.8,0.555,0.3,1.1,0.271,1.2,1.9,0.648,1.8,4,5.8,0.9,0.4,0.9,1,8,0.6,0.185,0.329,18.1,1.5,1,-0.5,-0.3
Jeff Teague,2020,1,2600000,109140000,0.0238226131574125,PG,31,TOT,59,3.6,8.3,0.436,0.7,2,0.368,2.9,3.3,0.873,0.5,1.9,2.4,5.2,0.7,0.3,2,10.9,0.557,0.239,0.403,19.5,1.9,0.6,-0.2,-1.3
Bismack Biyombo,2020,1,2300000,109140000,0.02107385010078798,C,27,CHO,53,2.8,5.2,0.543,0,0,NA,1.7,2.8,0.603,2.3,3.5,5.8,0.9,0.2,0.9,0.9,7.4,0.57,0,0.543,16.8,1.5,0.9,-1.8,-0.7
James Ennis,2020,1,3300000,109140000,0.030236393622869707,SF-SG,29,TOT,69,2.3,5.2,0.446,0.8,2.4,0.325,1.1,1.4,0.806,1,2.5,3.6,0.9,0.5,0.3,0.8,6.6,0.565,0.471,0.273,15.7,1,1.4,-2.2,-0.4
Austin Rivers,2020,3,3333333.3333333335,109140000,0.030541811740272436,SG,27,HOU,68,3.1,7.4,0.421,1.4,4,0.356,1.1,1.6,0.703,0.4,2.2,2.6,1.7,0.7,0.1,0.7,8.8,0.542,0.539,0.222,15.6,1.2,1.2,-2.1,-0.4
Garrett Temple,2020,1,4800000,109140000,0.0439802089059923,SG,33,BRK,62,3.6,9.5,0.378,2,6.2,0.329,1.1,1.4,0.805,0.5,3,3.5,2.5,0.8,0.5,1,10.3,0.513,0.658,0.148,16.6,0.7,1.7,-1.4,0.3
Kris Dunn,2020,2,5000000,109140000,0.04581271761040865,PG,25,CHI,51,3,6.7,0.444,0.6,2.2,0.259,0.8,1.1,0.741,0.5,3.2,3.6,3.4,2,0.3,1.3,7.3,0.51,0.327,0.158,14.6,0.3,2,-3.7,3.1
Aron Baynes,2020,2,7150000,109140000,0.06551218618288437,C,33,PHO,42,4.4,9.1,0.48,1.4,4,0.351,1.3,1.8,0.747,1.7,4,5.6,1.6,0.2,0.5,1.2,11.5,0.581,0.441,0.197,21.1,1.3,0.8,-0.2,-0.8
Jeff Green,2020,1,2560000,109140000,0.02345611141652923,PF-C,33,TOT,48,3.3,7.2,0.462,1.3,3.8,0.339,1.5,1.9,0.802,0.5,2.3,2.8,1,0.5,0.4,0.9,9.4,0.59,0.532,0.265,19,1.2,0.9,0,-0.1
Meyers Leonard,2020,2,10000000,109140000,0.0916254352208173,C,27,MIA,51,2.3,4.6,0.509,1,2.5,0.414,0.4,0.5,0.643,0.6,4.5,5.1,1.1,0.3,0.3,0.8,6.1,0.627,0.547,0.12,12.2,0.9,1.2,-1.3,0.4
Torrey Craig,2020,1,1700000,109140000,0.01557632398753894,SF,29,DEN,58,2.1,4.6,0.461,0.8,2.4,0.326,0.4,0.6,0.611,1.1,2.2,3.3,0.8,0.4,0.6,0.4,5.4,0.553,0.513,0.134,12.6,1.1,0.9,-2,-0.3
Michael Carter-Williams,2020,2,3000000,109140000,0.02748763056624519,SG,28,ORL,45,2.5,5.8,0.427,0.5,1.7,0.293,1.8,2.1,0.832,1,2.2,3.3,2.4,1.1,0.5,1.2,7.2,0.535,0.288,0.365,18.3,0.7,1.2,-1.5,1.6
Patrick Patterson,2020,1,3000000,109140000,0.02748763056624519,PF,30,LAC,59,1.6,3.9,0.408,1.1,2.9,0.39,0.6,0.7,0.814,0.6,2,2.6,0.7,0.1,0.1,0.4,4.9,0.58,0.738,0.185,14.7,1.1,0.8,0.8,-0.5
Bobby Portis,2020,2,3700000,109140000,0.033901411031702404,PF,24,NYK,66,4,8.9,0.45,1,2.8,0.358,1.1,1.4,0.763,1.2,3.9,5.1,1.5,0.5,0.3,1.1,10.1,0.53,0.317,0.158,21.4,0.9,1,0,-1.1
Jevon Carter,2020,3,3833333.3333333335,109140000,0.0351230835013133,PG,24,PHO,58,1.7,4.2,0.416,1.1,2.5,0.425,0.4,0.5,0.852,0.5,1.5,2,1.4,0.8,0.3,0.6,4.9,0.563,0.601,0.111,12.9,0.8,1,-0.7,1.3
Wesley Iwundu,2020,2,1750000,109140000,0.016034451163643028,SF,25,ORL,52,1.9,4.5,0.416,0.5,1.6,0.341,1.5,1.9,0.804,0.5,2.1,2.5,1.2,0.5,0.3,0.5,5.8,0.544,0.352,0.416,13.7,0.8,0.8,-2.7,0
De'Anthony Melton,2020,4,8750000,109140000,0.08017225581821513,PG,21,MEM,60,2.7,6.7,0.401,0.7,2.3,0.286,1.6,2,0.769,0.7,3,3.7,2.9,1.3,0.3,1.4,7.6,0.501,0.349,0.302,19.2,0.1,1.7,-2.2,2
Elfrid Payton,2020,1,4800000,109140000,0.0439802089059923,PG,25,NYK,45,4.3,9.8,0.439,0.3,1.5,0.203,1.1,1.9,0.57,1.2,3.6,4.7,7.2,1.6,0.4,2.1,10,0.47,0.157,0.195,19.5,0.5,1.2,-0.4,0.4
Harry Giles,2020,1,1700000,109140000,0.01557632398753894,C,21,SAC,46,3,5.5,0.554,0,0,0,0.8,1.1,0.776,0.9,3.2,4.1,1.3,0.5,0.4,1,6.9,0.58,0.008,0.195,20.6,0.8,0.8,-2.2,0.9
Avery Bradley,2020,2,5800000,109140000,0.053142752428074036,SG,29,LAL,49,3.5,7.8,0.444,1.3,3.5,0.364,0.4,0.5,0.833,0.4,2,2.3,1.3,0.9,0.1,1,8.6,0.537,0.452,0.063,15.7,0.2,1.4,-3,0.5
Bryn Forbes,2020,2,2400000,109140000,0.02199010445299615,SG,26,SAS,63,3.8,9.2,0.417,2.3,6,0.388,1.2,1.4,0.833,0.2,1.8,2,1.7,0.5,0,0.9,11.2,0.57,0.656,0.155,18.5,1.3,0.3,-0.6,-2.1
Robin Lopez,2020,1,7300000,109140000,0.06688656771119662,C,31,MIL,66,2.2,4.5,0.492,0.5,1.6,0.333,0.4,0.8,0.528,0.8,1.6,2.4,0.7,0.2,0.7,1,5.4,0.554,0.351,0.177,16.6,-0.1,1.6,-3,0.4
Solomon Hill,2020,1,2200000,109140000,0.020157595748579806,PF,28,TOT,59,1.9,4.7,0.396,1.1,2.9,0.368,0.7,0.9,0.741,0.5,2.3,2.8,1.8,0.7,0.2,0.9,5.5,0.535,0.615,0.194,13.6,0.4,1.1,-2,0.3
Markieff Morris,2020,1,2300000,109140000,0.02107385010078798,PF,30,TOT,58,3.5,7.9,0.443,1.5,3.9,0.386,1.1,1.5,0.776,0.7,3.1,3.8,1.3,0.5,0.3,1.3,9.7,0.565,0.498,0.186,20.9,0.5,1,-1.1,-0.9
Rajon Rondo,2020,2,7500000,109140000,0.06871907641561298,PG,33,LAL,48,2.9,6.8,0.418,0.9,2.6,0.328,0.6,0.9,0.659,0.5,2.5,3,5,0.8,0,1.9,7.1,0.494,0.381,0.125,18.7,0.1,1.3,-1.2,-0.1
Trey Burke,2020,3,3333333.3333333335,109140000,0.030541811740272436,PG,27,TOT,33,2.8,6.3,0.45,1,2.3,0.427,0.7,0.9,0.793,0.5,1,1.5,2.5,0.5,0.1,0.6,7.4,0.548,0.359,0.139,20,1,0.4,0.8,-1
Jahlil Okafor,2020,2,2000000,109140000,0.01832508704416346,C,24,NOP,30,3.4,5.4,0.623,0,0.1,0.333,1.3,2.1,0.645,1.6,2.6,4.2,1.2,0.2,0.7,1.3,8.1,0.642,0.019,0.383,19.9,0.9,0.4,-0.5,0.3
Malik Beasley,2020,4,15000000,109140000,0.13743815283122596,SG,23,TOT,55,4.1,9.7,0.425,1.9,5,0.388,1,1.2,0.818,0.3,2.4,2.7,1.4,0.7,0.1,1,11.2,0.546,0.517,0.124,21.8,0.4,0.8,-0.7,-1.4
Gary Clark,2020,2,2049999.9999999998,109140000,0.018783214220267543,SF-PF,25,TOT,42,1.3,3.2,0.406,0.9,2.6,0.351,0.2,0.2,0.9,0.9,1.7,2.6,0.4,0.1,0.5,0.2,3.7,0.568,0.835,0.075,11,0.7,0.5,-0.9,-1
Raul Neto,2020,1,1900000,109140000,0.017408832691955287,PG,27,PHI,54,1.9,4.1,0.455,0.6,1.6,0.386,0.7,0.9,0.83,0.2,0.9,1.1,1.8,0.4,0.1,0.9,5.1,0.567,0.396,0.212,18.7,0.5,0.6,-1.2,-0.6
JaKarr Sampson,2020,1,1900000,109140000,0.017408832691955287,PF,26,IND,34,2,3.4,0.591,0.1,0.4,0.154,0.5,0.8,0.667,0.6,2,2.6,0.6,0.5,0.4,0.4,4.6,0.615,0.113,0.235,13.2,0.6,0.7,-2.8,1.4
Sterling Brown,2020,1,1700000,109140000,0.01557632398753894,SF,24,MIL,52,1.8,4.9,0.371,0.8,2.6,0.324,0.6,0.8,0.8,0.6,2.9,3.5,1,0.6,0.1,0.8,5.1,0.486,0.531,0.156,17,-0.4,1.5,-3,1
Rodney Hood,2020,2,10500000,109140000,0.09620670698185817,SF,27,POR,21,4.1,8.2,0.506,1.7,3.4,0.493,1,1.3,0.778,0.5,3,3.4,1.5,0.8,0.2,0.9,11,0.625,0.413,0.157,13.9,0.9,0.2,-0.4,-0.5
Reggie Jackson,2020,1,2300000,109140000,0.02107385010078798,SG-PG,29,TOT,31,4.3,10.5,0.411,1.8,4.7,0.393,1.5,1.7,0.833,0.5,2.4,3,4.1,0.4,0.2,1.6,11.9,0.529,0.445,0.166,23.1,0.6,0.5,0.8,-1.2
Damyean Dotson,2020,2,2000000,109140000,0.01832508704416346,SG,25,NYK,48,2.5,6,0.414,1.2,3.4,0.362,0.5,0.7,0.667,0.2,1.7,1.9,1.2,0.5,0.1,0.4,6.7,0.527,0.562,0.114,16.5,0.6,0.4,-0.9,-0.5
Juan Hernangómez,2020,3,7000000,109140000,0.06413780465457211,PF,24,TOT,48,2.1,5.1,0.405,0.9,2.7,0.341,0.9,1.5,0.62,0.9,3.2,4.1,0.8,0.4,0.2,0.7,6,0.518,0.522,0.287,15.7,0.2,0.7,-2.2,-1.1
E'Twaun Moore,2020,1,2300000,109140000,0.02107385010078798,SG,30,NOP,56,3.3,7.8,0.426,1.1,3,0.377,0.6,0.8,0.689,0.6,1.8,2.3,1.4,0.6,0.2,0.7,8.3,0.51,0.382,0.103,19.9,0.3,0.7,-1.9,-0.8
Kenrich Williams,2020,3,2000000,109140000,0.01832508704416346,PF,25,NOP,39,1.3,3.8,0.347,0.6,2.5,0.258,0.2,0.7,0.346,1.3,3.5,4.8,1.5,0.7,0.5,0.6,3.5,0.429,0.66,0.177,8.9,0.1,0.8,-3.4,0.9
Jared Dudley,2020,1,2560000,109140000,0.02345611141652923,PF,34,LAL,45,0.5,1.3,0.4,0.4,0.9,0.429,0,0,1,0.1,1,1.2,0.6,0.3,0.1,0.2,1.5,0.558,0.7,0.033,8,0.3,0.5,-2.8,2
Drew Eubanks,2020,3,1766666.6666666665,109140000,0.01618716022234439,C,22,SAS,22,2,3,0.642,0,0,1,0.9,1.2,0.769,1.3,2.6,3.9,0.7,0.2,0.8,1,4.9,0.682,0.015,0.388,15.8,0.5,0.3,-1.4,-0.3
Willy Hernangómez,2020,1,1700000,109140000,0.01557632398753894,C,25,CHO,31,2.4,4.5,0.532,0.2,0.7,0.227,1.2,1.9,0.627,1.4,2.9,4.3,0.9,0.3,0.2,1,6.1,0.576,0.158,0.424,22.9,0.4,0.4,0.6,-0.5
Tyler Johnson,2020,1,2000000,109140000,0.01832508704416346,PG-SG,27,TOT,39,2.5,6.4,0.388,1,3.1,0.319,1.1,1.3,0.84,0.5,1.5,1.9,1.9,0.4,0.2,0.7,7,0.504,0.476,0.2,18,0.3,0.5,-2,-0.9
John Konchar,2020,4,2250000,109140000,0.02061572292468389,SG,23,MEM,19,1.3,1.9,0.649,0.3,0.5,0.5,0.1,0.1,0.5,0.9,1.5,2.5,1.2,0.4,0.2,0.4,2.8,0.713,0.27,0.054,10.3,0.5,0.2,2.5,2
Nicolas Batum,2020,1,2560000,109140000,0.02345611141652923,SF,31,CHO,22,1.3,3.7,0.346,0.6,2.2,0.286,0.4,0.5,0.9,1.1,3.4,4.5,3,0.8,0.4,1,3.6,0.463,0.605,0.123,9.4,0.2,0.4,-2.8,0.9
Kent Bazemore,2020,1,2300000,109140000,0.02107385010078798,SF,30,TOT,68,2.9,7.9,0.375,1.2,3.6,0.344,1.7,2.2,0.769,0.4,3.9,4.3,1.4,1.1,0.6,1.3,8.8,0.499,0.457,0.275,17.5,-0.9,1.5,-3.4,0.3
Josh Jackson,2020,2,4900000,109140000,0.04489646325820048,SF,22,MEM,22,3.2,7.2,0.44,1,3.3,0.319,1.6,2.3,0.7,0.5,2.5,3,1.6,0.8,0.4,1.3,9,0.547,0.453,0.314,22.8,0.1,0.5,-1.1,1.1
Denzel Valentine,2020,1,4700000,109140000,0.04306395455378413,SF,26,CHI,36,2.7,6.6,0.409,1.3,3.8,0.336,0.2,0.2,0.75,0.3,1.8,2.1,1.2,0.7,0.2,0.7,6.8,0.511,0.578,0.034,23.3,-0.1,0.6,-0.8,0.2
Bruno Caboclo,2020,1,2000000,109140000,0.01832508704416346,C,24,TOT,30,1.3,3,0.427,0.2,1.1,0.182,0.3,0.3,0.889,0.8,1.2,2,0.4,0.5,0.6,0.4,3,0.484,0.371,0.101,18,0,0.4,-3,0.9
Wayne Ellington,2020,1,2560000,109140000,0.02345611141652923,SG,32,NYK,36,1.7,4.8,0.351,1.4,4,0.35,0.3,0.4,0.846,0.1,1.7,1.8,1.2,0.4,0.1,0.5,5.1,0.509,0.822,0.075,15,0.2,0.2,-1.9,-0.9
DaQuan Jeffries,2020,2,1500000,109140000,0.013743815283122594,SG,22,SAC,13,1.5,3.1,0.5,0.4,1.4,0.278,0.4,0.5,0.833,0.2,1.2,1.4,0.5,0.3,0.1,0.2,3.8,0.586,0.45,0.15,13.7,0.2,0.1,-2.7,-1.1
DeAndre' Bembry,2020,2,1850000,109140000,0.016950705515851202,SG,25,ATL,43,2.4,5.3,0.456,0.3,1.5,0.231,0.6,1.1,0.542,0.8,2.7,3.5,1.9,1.3,0.4,1.4,5.8,0.5,0.285,0.211,14,-0.5,0.8,-3.5,1.1
Matthew Dellavedova,2020,1,2200000,109140000,0.020157595748579806,PG,29,CLE,57,1.1,3.1,0.354,0.4,1.6,0.231,0.6,0.6,0.865,0.3,1,1.3,3.2,0.4,0,1,3.1,0.463,0.52,0.211,13,0.1,0.1,-3.6,-1.6
Wenyen Gabriel,2020,2,1700000,109140000,0.01557632398753894,PF,22,TOT,30,0.7,1.6,0.438,0.2,0.7,0.3,0.5,0.7,0.682,0.7,1,1.7,0.3,0.4,0.2,0.5,2.1,0.546,0.417,0.458,13.4,0,0.2,-3.7,-0.1
Kelan Martin,2020,2,1500000,109140000,0.013743815283122594,SF,24,MIN,31,2.3,5.8,0.392,0.8,3.1,0.26,1,1,0.968,0.4,2.7,3.1,0.7,0.2,0.3,0.6,6.4,0.506,0.53,0.171,17.8,-0.1,0.3,-3.3,-1
Sindarius Thornwell,2020,2,1750000,109140000,0.016034451163643028,SF,25,NOP,2,3,5.5,0.545,1,2,0.5,1,2,0.5,0,2,2,2,0.5,0.5,1,8,0.627,0.364,0.364,17.3,0,0,-0.1,-1.2
Zylan Cheatham,2020,3,1666666.6666666667,109140000,0.015270905870136218,PF,24,NOP,4,1.5,2.3,0.667,0,0.3,0,0,0,NA,0.8,1.5,2.3,0.8,0.3,0.3,1,3,0.667,0.111,0,10.4,0,0,-6.5,-0.6
Jerian Grant,2020,1,1900000,109140000,0.017408832691955287,SG,27,WAS,6,1.7,4.5,0.37,0.3,1.3,0.25,0.8,1.2,0.714,0.3,0.7,1,1.5,0.2,0.2,0.5,4.5,0.449,0.296,0.259,17.2,0,0,-4.8,-2
Udonis Haslem,2020,1,2600000,109140000,0.0238226131574125,C,39,MIA,4,1,2.8,0.364,0.3,0.8,0.333,0.8,1,0.75,0.3,3.8,4,0.3,0,0,0.3,3,0.47,0.273,0.364,13.8,0,0.1,-6.1,-1.4
Dwayne Bacon,2020,2,1750000,109140000,0.016034451163643028,SG,24,CHO,39,2.2,6.3,0.348,0.5,1.7,0.284,0.9,1.4,0.66,0.4,2.2,2.6,1.3,0.6,0.1,0.9,5.7,0.419,0.275,0.217,19.5,-1.2,0.4,-5.9,-0.9
Jontay Porter,2020,3,2000000,109140000,0.01832508704416346,NA,NA,NA,NA,NA,NA,NA,NA,NA,NA,NA,NA,NA,NA,NA,NA,NA,NA,NA,NA,NA,NA,NA,NA,NA,NA,NA,NA,NA
